,symbol,name,baseCurrency,quoteCurrency,feeCurrency,market,baseMinSize,quoteMinSize,baseMaxSize,quoteMaxSize,baseIncrement,quoteIncrement,priceIncrement,priceLimitRate,isMarginEnabled,enableTrading
0,REQ-ETH,REQ-ETH,REQ,ETH,ETH,ALTS,1,0.0001,10000000000,99999999,0.0001,0.0000001,0.0000001,0.1,False,True
1,REQ-BTC,REQ-BTC,REQ,BTC,BTC,BTC,1,0.00001,10000000000,99999999,0.0001,0.00000001,0.00000001,0.1,False,True
2,NULS-ETH,NULS-ETH,NULS,ETH,ETH,ALTS,0.1,0.0001,10000000000,99999999,0.000001,0.0000001,0.0000001,0.1,False,True
3,NULS-BTC,NULS-BTC,NULS,BTC,BTC,BTC,0.1,0.00001,10000000000,99999999,0.000001,0.00000001,0.00000001,0.1,False,True
4,CVC-BTC,CVC-BTC,CVC,BTC,BTC,BTC,1,0.00001,10000000000,99999999,0.0001,0.00000001,0.00000001,0.1,False,True
5,NEBL-BTC,NEBL-BTC,NEBL,BTC,BTC,BTC,0.01,0.00001,10000000000,99999999,0.000001,0.00000001,0.00000001,0.1,False,True
6,SNT-ETH,SNT-ETH,SNT,ETH,ETH,ALTS,1,0.0001,10000000000,99999999,0.0001,0.0000001,0.0000001,0.1,False,True
7,SNT-BTC,SNT-BTC,SNT,BTC,BTC,BTC,1,0.00001,10000000000,99999999,0.0001,0.00000001,0.00000001,0.1,False,True
8,PPT-ETH,PPT-ETH,PPT,ETH,ETH,ALTS,0.01,0.0001,10000000000,99999999,0.000001,0.0000001,0.0000001,0.1,False,True
9,PPT-BTC,PPT-BTC,PPT,BTC,BTC,BTC,0.01,0.00001,10000000000,99999999,0.000001,0.00000001,0.00000001,0.1,False,True
10,BCHSV-BTC,BSV-BTC,BSV,BTC,BTC,BTC,0.001,0.00001,10000000000,99999999,0.00000001,0.00000001,0.000001,0.1,True,True
11,POWR-BTC,POWR-BTC,POWR,BTC,BTC,BTC,0.1,0.00001,10000000000,99999999,0.000001,0.00000001,0.00000001,0.1,False,True
12,POWR-ETH,POWR-ETH,POWR,ETH,ETH,ALTS,0.1,0.0001,10000000000,99999999,0.000001,0.0000001,0.0000001,0.1,False,True
13,BCD-BTC,BCD-BTC,BCD,BTC,BTC,BTC,0.01,0.00001,10000000000,99999999,0.0001,0.00000001,0.00000001,0.1,False,True
14,BCD-ETH,BCD-ETH,BCD,ETH,ETH,ALTS,0.01,0.0001,10000000000,99999999,0.0001,0.0000001,0.0000001,0.1,False,True
15,KNC-ETH,KNC-ETH,KNC,ETH,ETH,DeFi,0.1,0.0001,10000000000,99999999,0.0001,0.0000001,0.0000001,0.1,False,True
16,KNC-BTC,KNC-BTC,KNC,BTC,BTC,DeFi,0.1,0.00001,10000000000,99999999,0.0001,0.00000001,0.00000001,0.1,False,True
17,DACC-BTC,DACC-BTC,DACC,BTC,BTC,BTC,100,0.00001,10000000000,99999999,0.0001,0.00000001,0.0000000001,0.1,False,True
18,OMG-ETH,OMG-ETH,OMG,ETH,ETH,ALTS,0.01,0.0001,10000000000,99999999,0.0001,0.0000001,0.0000001,0.1,False,True
19,OMG-BTC,OMG-BTC,OMG,BTC,BTC,BTC,0.01,0.00001,10000000000,99999999,0.0001,0.00000001,0.00000001,0.1,True,True
20,CHSB-BTC,CHSB-BTC,CHSB,BTC,BTC,BTC,1,0.00001,10000000000,99999999,0.0001,0.00000001,0.00000001,0.1,False,True
21,CHSB-ETH,CHSB-ETH,CHSB,ETH,ETH,ALTS,1,0.0001,10000000000,99999999,0.0001,0.0000001,0.0000001,0.1,False,True
22,MANA-BTC,MANA-BTC,MANA,BTC,BTC,NFT,1,0.00001,10000000000,99999999,0.0001,0.00000001,0.00000001,0.1,False,True
23,BTM-BTC,BTM-BTC,BTM,BTC,BTC,BTC,0.1,0.00001,10000000000,99999999,0.0001,0.00000001,0.00000001,0.1,False,True
24,AMB-ETH,AMB-ETH,AMB,ETH,ETH,ALTS,1,0.0001,10000000000,99999999,0.0001,0.0000001,0.0000001,0.1,False,True
25,MANA-ETH,MANA-ETH,MANA,ETH,ETH,NFT,1,0.0001,10000000000,99999999,0.0001,0.0000001,0.0000001,0.1,False,True
26,AMB-BTC,AMB-BTC,AMB,BTC,BTC,BTC,1,0.00001,10000000000,99999999,0.0001,0.00000001,0.00000001,0.1,False,True
27,BTM-ETH,BTM-ETH,BTM,ETH,ETH,ALTS,0.1,0.0001,10000000000,99999999,0.0001,0.0000001,0.0000001,0.1,False,True
28,ETN-BTC,ETN-BTC,ETN,BTC,BTC,BTC,10,0.00001,10000000000,99999999,0.01,0.00000001,0.0000000001,0.1,False,True
29,DGB-BTC,DGB-BTC,DGB,BTC,BTC,BTC,1,0.00001,10000000000,99999999,0.0001,0.00000001,0.00000001,0.1,False,True
30,DGB-ETH,DGB-ETH,DGB,ETH,ETH,ALTS,1,0.0001,10000000000,99999999,0.0001,0.0000001,0.0000001,0.1,False,True
31,QTUM-BTC,QTUM-BTC,QTUM,BTC,BTC,BTC,0.01,0.00001,10000000000,99999999,0.0001,0.00000001,0.00000001,0.1,False,True
32,AION-ETH,AION-ETH,AION,ETH,ETH,ALTS,0.1,0.0001,10000000000,99999999,0.000001,0.0000001,0.0000001,0.1,False,True
33,AION-BTC,AION-BTC,AION,BTC,BTC,BTC,0.1,0.00001,10000000000,99999999,0.000001,0.00000001,0.00000001,0.1,False,True
34,WTC-BTC,WTC-BTC,WTC,BTC,BTC,BTC,0.01,0.00001,10000000000,99999999,0.0001,0.00000001,0.00000001,0.1,False,True
35,ENJ-BTC,ENJ-BTC,ENJ,BTC,BTC,NFT,0.1,0.00001,10000000000,99999999,0.0001,0.00000001,0.00000001,0.1,False,True
36,ENJ-ETH,ENJ-ETH,ENJ,ETH,ETH,NFT,0.1,0.0001,10000000000,99999999,0.0001,0.0000001,0.0000001,0.1,False,True
37,SNX-ETH,SNX-ETH,SNX,ETH,ETH,DeFi,0.01,0.0001,10000000000,99999999,0.00000001,0.0000001,0.0000001,0.1,False,True
38,OPEN-ETH,OPEN-ETH,OPEN,ETH,ETH,ALTS,10,0.0001,10000000000,99999999,0.0001,0.0000001,0.0000001,0.1,False,True
39,TIME-ETH,TIME-ETH,TIME,ETH,ETH,ALTS,0.01,0.0001,10000000000,99999999,0.000001,0.0000001,0.0000001,0.1,False,True
40,SNX-USDT,SNX-USDT,SNX,USDT,USDT,DeFi,0.01,0.01,10000000000,99999999,0.00000001,0.000001,0.000001,0.1,True,True
41,OPEN-BTC,OPEN-BTC,OPEN,BTC,BTC,BTC,10,0.00001,10000000000,99999999,0.0001,0.00000001,0.00000001,0.1,False,True
42,SNX-BTC,SNX-BTC,SNX,BTC,BTC,DeFi,0.01,0.00001,10000000000,99999999,0.00000001,0.00000001,0.00000001,0.1,False,True
43,TIME-BTC,TIME-BTC,TIME,BTC,BTC,BTC,0.01,0.00001,10000000000,99999999,0.000001,0.00000001,0.00000001,0.1,False,True
44,XLM-USDT,XLM-USDT,XLM,USDT,USDT,USDS,0.1,0.01,10000000000,99999999,0.0001,0.000001,0.000001,0.1,True,True
45,VET-USDT,VET-USDT,VET,USDT,USDT,USDS,10,0.01,10000000000,99999999,0.0001,0.000001,0.0000001,0.1,True,True
46,DASH-ETH,DASH-ETH,DASH,ETH,ETH,ALTS,0.0001,0.0001,10000000000,99999999,0.00000001,0.0000001,0.00001,0.1,False,True
47,UTK-BTC,UTK-BTC,UTK,BTC,BTC,BTC,1,0.00001,10000000000,99999999,0.0001,0.00000001,0.00000001,0.1,False,True
48,UTK-ETH,UTK-ETH,UTK,ETH,ETH,ALTS,1,0.0001,10000000000,99999999,0.0001,0.0000001,0.0000001,0.1,False,True
49,DASH-BTC,DASH-BTC,DASH,BTC,BTC,BTC,0.0001,0.00001,10000000000,99999999,0.00000001,0.00000001,0.000001,0.1,True,True
50,GO-USDT,GO-USDT,GO,USDT,USDT,USDS,1,0.01,10000000000,99999999,0.0001,0.000001,0.000001,0.1,False,True
51,AXPR-ETH,AXPR-ETH,AXPR,ETH,ETH,ALTS,10,0.0001,10000000000,99999999,0.0001,0.0000001,0.0000001,0.1,False,True
52,AXPR-BTC,AXPR-BTC,AXPR,BTC,BTC,BTC,10,0.00001,10000000000,99999999,0.0001,0.00000001,0.00000001,0.1,False,True
53,ACT-ETH,ACT-ETH,ACT,ETH,ETH,ALTS,1,0.0001,10000000000,99999999,0.0001,0.0000001,0.000000001,0.1,False,True
54,ACT-BTC,ACT-BTC,ACT,BTC,BTC,BTC,1,0.00001,10000000000,99999999,0.0001,0.00000001,0.00000001,0.1,False,True
55,EOS-KCS,EOS-KCS,EOS,KCS,KCS,KCS,0.01,0.01,10000000000,99999999,0.0001,0.0001,0.0001,0.1,False,True
56,ETC-ETH,ETC-ETH,ETC,ETH,ETH,ALTS,0.01,0.0001,10000000000,99999999,0.000001,0.0000001,0.000001,0.1,False,True
57,EOS-BTC,EOS-BTC,EOS,BTC,BTC,BTC,0.01,0.00001,10000000000,99999999,0.0001,0.00000001,0.00000001,0.1,True,True
58,PLAY-BTC,PLAY-BTC,PLAY,BTC,BTC,BTC,10,0.00001,10000000000,99999999,0.0001,0.00000001,0.0000000001,0.1,False,True
59,ETC-BTC,ETC-BTC,ETC,BTC,BTC,BTC,0.01,0.00001,10000000000,99999999,0.000001,0.00000001,0.0000001,0.1,False,True
60,EOS-USDT,EOS-USDT,EOS,USDT,USDT,USDS,0.01,0.01,10000000000,99999999,0.0001,0.000001,0.0001,0.1,True,True
61,EOS-ETH,EOS-ETH,EOS,ETH,ETH,ALTS,0.01,0.0001,10000000000,99999999,0.0001,0.0000001,0.000001,0.1,True,True
62,GAS-BTC,GAS-BTC,GAS,BTC,BTC,BTC,0.01,0.00001,10000000000,99999999,0.0001,0.00000001,0.00000001,0.1,False,True
63,BCH-BTC,BCH-BTC,BCH,BTC,BTC,BTC,0.0001,0.000001,10000000000,99999999,0.0001,0.000001,0.000001,0.1,True,True
64,PLAY-ETH,PLAY-ETH,PLAY,ETH,ETH,ALTS,10,0.0001,10000000000,99999999,0.0001,0.0000001,0.0000001,0.1,False,True
65,ETC-USDT,ETC-USDT,ETC,USDT,USDT,USDS,0.01,0.01,10000000000,99999999,0.000001,0.000001,0.0001,0.1,False,True
66,DENT-ETH,DENT-ETH,DENT,ETH,ETH,ALTS,100,0.0001,10000000000,99999999,0.0001,0.0000001,0.00000001,0.1,False,True
67,DENT-BTC,DENT-BTC,DENT,BTC,BTC,BTC,100,0.00001,10000000000,99999999,0.0001,0.00000001,0.0000000001,0.1,False,True
68,AGI-BTC,AGI-BTC,AGI,BTC,BTC,BTC,1,0.00001,10000000000,99999999,0.0001,0.00000001,0.00000001,0.1,False,True
69,MWAT-BTC,MWAT-BTC,MWAT,BTC,BTC,BTC,1,0.00001,10000000000,99999999,0.0001,0.000000001,0.000000001,0.1,False,True
70,MWAT-ETH,MWAT-ETH,MWAT,ETH,ETH,ALTS,1,0.0001,10000000000,99999999,0.0001,0.00000001,0.00000001,0.1,False,True
71,AGI-ETH,AGI-ETH,AGI,ETH,ETH,ALTS,1,0.0001,10000000000,99999999,0.0001,0.0000001,0.0000001,0.1,False,True
72,DRGN-BTC,DRGN-BTC,DRGN,BTC,BTC,BTC,0.1,0.00001,10000000000,99999999,0.0001,0.00000001,0.00000001,0.1,False,True
73,DRGN-ETH,DRGN-ETH,DRGN,ETH,ETH,ALTS,0.1,0.0001,10000000000,99999999,0.0001,0.0000001,0.0000001,0.1,False,True
74,LTC-USDT,LTC-USDT,LTC,USDT,USDT,USDS,0.001,0.01,10000000000,99999999,0.000001,0.000001,0.001,0.1,True,True
75,CV-BTC,CV-BTC,CV,BTC,BTC,BTC,100,0.00001,10000000000,99999999,0.01,0.00000001,0.0000000001,0.1,False,True
76,R-BTC,REV-BTC,REV,BTC,BTC,BTC,0.1,0.00001,10000000000,99999999,0.000001,0.00000001,0.00000001,0.1,False,True
77,ACAT-BTC,ACAT-BTC,ACAT,BTC,BTC,BTC,100,0.00001,10000000000,99999999,1,0.00000001,0.0000000001,0.1,False,True
78,LTC-ETH,LTC-ETH,LTC,ETH,ETH,ALTS,0.001,0.0001,10000000000,99999999,0.000001,0.0000001,0.00001,0.1,True,True
79,CV-ETH,CV-ETH,CV,ETH,ETH,ALTS,100,0.0001,10000000000,99999999,0.01,0.0000001,0.00000001,0.1,False,True
80,ACAT-ETH,ACAT-ETH,ACAT,ETH,ETH,ALTS,100,0.0001,10000000000,99999999,0.0001,0.001,0.00000001,0.1,False,True
81,LTC-BTC,LTC-BTC,LTC,BTC,BTC,BTC,0.001,0.00001,10000000000,99999999,0.000001,0.00000001,0.000001,0.1,True,True
82,DBC-ETH,DBC-ETH,DBC,ETH,ETH,ALTS,10,0.0001,10000000000,99999999,0.0001,0.0000001,0.0000001,0.1,False,True
83,DBC-BTC,DBC-BTC,DBC,BTC,BTC,BTC,10,0.00001,10000000000,99999999,0.0001,0.00000001,0.0000000001,0.1,False,True
84,KEY-BTC,KEY-BTC,KEY,BTC,BTC,BTC,10,0.00001,10000000000,99999999,0.0001,0.00000001,0.0000000001,0.1,False,True
85,KEY-ETH,KEY-ETH,KEY,ETH,ETH,ALTS,10,0.0001,10000000000,99999999,0.0001,0.0000001,0.0000001,0.1,False,True
86,IOST-ETH,IOST-ETH,IOST,ETH,ETH,ALTS,1,0.0001,10000000000,99999999,0.0001,0.0000001,0.0000001,0.1,False,True
87,ADB-ETH,ADB-ETH,ADB,ETH,ETH,ALTS,10,0.0001,10000000000,99999999,0.0001,0.0000001,0.000000001,0.1,False,True
88,ADB-BTC,ADB-BTC,ADB,BTC,BTC,BTC,10,0.00001,10000000000,99999999,0.0001,0.00000001,0.0000000001,0.1,False,True
89,HPB-BTC,HPB-BTC,HPB,BTC,BTC,BTC,0.1,0.00001,10000000000,99999999,0.0001,0.00000001,0.00000001,0.1,False,True
90,HPB-ETH,HPB-ETH,HPB,ETH,ETH,ALTS,0.1,0.0001,10000000000,99999999,0.0001,0.0000001,0.0000001,0.1,False,True
91,IOST-BTC,IOST-BTC,IOST,BTC,BTC,BTC,1,0.00001,10000000000,99999999,0.0001,0.00000001,0.00000001,0.1,True,True
92,TEL-BTC,TEL-BTC,TEL,BTC,BTC,BTC,100,0.00001,10000000000,99999999,0.01,0.00000001,0.0000000001,0.1,False,True
93,CXO-BTC,CXO-BTC,CXO,BTC,BTC,BTC,1,0.00001,10000000000,99999999,0.0001,0.00000001,0.00000001,0.1,False,True
94,WAX-BTC,WAXP-BTC,WAXP,BTC,BTC,BTC,1,0.00001,10000000000,99999999,0.0001,0.00000001,0.00000001,0.1,False,True
95,COFI-BTC,COFI-BTC,COFI,BTC,BTC,BTC,10,0.00001,10000000000,99999999,0.0001,0.00000001,0.0000000001,0.1,False,True
96,TEL-ETH,TEL-ETH,TEL,ETH,ETH,ALTS,100,0.0001,10000000000,99999999,0.01,0.0000001,0.00000001,0.1,False,True
97,WAX-ETH,WAXP-ETH,WAXP,ETH,ETH,ALTS,1,0.0001,10000000000,99999999,0.0001,0.0000001,0.0000001,0.1,False,True
98,COFI-ETH,COFI-ETH,COFI,ETH,ETH,ALTS,10,0.0001,10000000000,99999999,0.0001,0.0000001,0.0000001,0.1,False,True
99,CXO-ETH,CXO-ETH,CXO,ETH,ETH,ALTS,1,0.0001,10000000000,99999999,0.0001,0.0000001,0.0000001,0.1,False,True
100,CAPP-ETH,CAPP-ETH,CAPP,ETH,ETH,ALTS,10,0.0001,10000000000,99999999,0.01,0.0000001,0.0000001,0.1,False,True
101,NANO-USDT,NANO-USDT,NANO,USDT,USDT,USDS,0.01,0.01,10000000000,99999999,0.000001,0.000001,0.000001,0.1,False,True
102,TKY-BTC,TKY-BTC,TKY,BTC,BTC,BTC,10,0.00001,10000000000,99999999,0.0001,0.00000001,0.0000000001,0.1,False,True
103,CAPP-BTC,CAPP-BTC,CAPP,BTC,BTC,BTC,10,0.00001,10000000000,99999999,0.01,0.00000001,0.0000000001,0.1,False,True
104,NANO-BTC,NANO-BTC,NANO,BTC,BTC,BTC,0.01,0.00001,10000000000,99999999,0.000001,0.00000001,0.00000001,0.1,False,True
105,NANO-ETH,NANO-ETH,NANO,ETH,ETH,ALTS,0.01,0.0001,10000000000,99999999,0.000001,0.0000001,0.0000001,0.1,False,True
106,TKY-ETH,TKY-ETH,TKY,ETH,ETH,ALTS,10,0.0001,10000000000,99999999,0.0001,0.0000001,0.0000001,0.1,False,True
107,ELF-ETH,ELF-ETH,ELF,ETH,ETH,ALTS,0.1,0.0001,10000000000,99999999,0.0001,0.0000001,0.0000001,0.1,False,True
108,COV-ETH,COV-ETH,COV,ETH,ETH,ALTS,0.1,0.0001,10000000000,99999999,0.0001,0.0000001,0.0000001,0.1,False,True
109,ZIL-BTC,ZIL-BTC,ZIL,BTC,BTC,BTC,1,0.00001,10000000000,99999999,0.0001,0.00000001,0.00000001,0.1,True,True
110,ELF-BTC,ELF-BTC,ELF,BTC,BTC,BTC,0.1,0.00001,10000000000,99999999,0.0001,0.00000001,0.00000001,0.1,False,True
111,LTC-KCS,LTC-KCS,LTC,KCS,KCS,KCS,0.001,0.01,10000000000,99999999,0.000001,0.0001,0.001,0.1,False,True
112,MAN-BTC,MAN-BTC,MAN,BTC,BTC,BTC,0.1,0.00001,10000000000,99999999,0.0001,0.00000001,0.00000001,0.1,False,True
113,COV-BTC,COV-BTC,COV,BTC,BTC,BTC,0.1,0.00001,10000000000,99999999,0.0001,0.00000001,0.00000001,0.1,False,True
114,ZIL-ETH,ZIL-ETH,ZIL,ETH,ETH,ALTS,1,0.0001,10000000000,99999999,0.0001,0.0000001,0.0000001,0.1,False,True
115,TOMO-ETH,TOMO-ETH,TOMO,ETH,ETH,ALTS,0.1,0.0001,10000000000,99999999,0.0001,0.0000001,0.0000001,0.1,False,True
116,ONT-BTC,ONT-BTC,ONT,BTC,BTC,BTC,0.01,0.00001,10000000000,99999999,0.0001,0.00000001,0.00000001,0.1,False,True
117,GO-BTC,GO-BTC,GO,BTC,BTC,BTC,1,0.00001,10000000000,99999999,0.0001,0.00000001,0.00000001,0.1,False,True
118,TOMO-BTC,TOMO-BTC,TOMO,BTC,BTC,BTC,0.1,0.00001,10000000000,99999999,0.0001,0.00000001,0.00000001,0.1,False,True
119,BAX-ETH,BAX-ETH,BAX,ETH,ETH,ALTS,100,0.0001,10000000000,99999999,0.0001,0.0000000001,0.0000000001,0.1,False,True
120,LYM-ETH,LYM-ETH,LYM,ETH,ETH,ALTS,1,0.0001,10000000000,99999999,0.0001,0.0000001,0.0000001,0.1,False,True
121,TRAC-ETH,TRAC-ETH,TRAC,ETH,ETH,ALTS,1,0.0001,10000000000,99999999,0.0001,0.0000001,0.0000001,0.1,False,True
122,IOTX-ETH,IOTX-ETH,IOTX,ETH,ETH,ALTS,1,0.0001,10000000000,99999999,0.0001,0.0000001,0.0000001,0.1,False,True
123,SOUL-BTC,SOUL-BTC,SOUL,BTC,BTC,NFT,1,0.00001,10000000000,99999999,0.0001,0.00000001,0.00000001,0.1,False,True
124,ONT-ETH,ONT-ETH,ONT,ETH,ETH,ALTS,0.01,0.0001,10000000000,99999999,0.0001,0.0000001,0.0000001,0.1,False,True
125,LOOM-ETH,LOOM-ETH,LOOM,ETH,ETH,ALTS,1,0.0001,10000000000,99999999,0.0001,0.0000001,0.0000001,0.1,False,True
126,TRAC-BTC,TRAC-BTC,TRAC,BTC,BTC,BTC,1,0.00001,10000000000,99999999,0.0001,0.00000001,0.00000001,0.1,False,True
127,DATX-BTC,DATX-BTC,DATX,BTC,BTC,BTC,10,0.00001,10000000000,99999999,0.0001,0.00000001,0.0000000001,0.1,False,True
128,DATX-ETH,DATX-ETH,DATX,ETH,ETH,ALTS,10,0.0001,10000000000,99999999,0.0001,0.0000001,0.00000001,0.1,False,True
129,QKC-BTC,QKC-BTC,QKC,BTC,BTC,BTC,1,0.00001,10000000000,99999999,0.0001,0.00000001,0.00000001,0.1,False,True
130,IOTX-BTC,IOTX-BTC,IOTX,BTC,BTC,BTC,1,0.00001,10000000000,99999999,0.0001,0.00000001,0.00000001,0.1,False,True
131,LYM-USDT,LYM-USDT,LYM,USDT,USDT,USDS,1,0.01,10000000000,99999999,0.0001,0.000001,0.000001,0.1,False,True
132,GO-ETH,GO-ETH,GO,ETH,ETH,ALTS,1,0.0001,10000000000,99999999,0.0001,0.0000001,0.0000001,0.1,False,True
133,QKC-ETH,QKC-ETH,QKC,ETH,ETH,ALTS,1,0.0001,10000000000,99999999,0.0001,0.0000001,0.0000001,0.1,False,True
134,TKY-USDT,TKY-USDT,TKY,USDT,USDT,USDS,10,0.01,10000000000,99999999,0.0001,0.000001,0.000001,0.1,False,True
135,ONT-USDT,ONT-USDT,ONT,USDT,USDT,USDS,0.01,0.01,10000000000,99999999,0.0001,0.000001,0.00001,0.1,False,True
136,BAX-BTC,BAX-BTC,BAX,BTC,BTC,BTC,100,0.00001,10000000000,99999999,0.0001,0.00000001,0.0000000001,0.1,False,True
137,LOOM-BTC,LOOM-BTC,LOOM,BTC,BTC,BTC,1,0.00001,10000000000,99999999,0.0001,0.00000001,0.00000001,0.1,False,True
138,SOUL-ETH,SOUL-ETH,SOUL,ETH,ETH,NFT,1,0.0001,10000000000,99999999,0.0001,0.0000001,0.0000001,0.1,False,True
139,LYM-BTC,LYM-BTC,LYM,BTC,BTC,BTC,1,0.00001,10000000000,99999999,0.0001,0.00000001,0.00000001,0.1,False,True
140,CS-BTC,CS-BTC,CS,BTC,BTC,BTC,1,0.00001,10000000000,99999999,0.0001,0.00000001,0.00000001,0.1,False,True
141,WAN-ETH,WAN-ETH,WAN,ETH,ETH,DeFi,0.1,0.0001,10000000000,99999999,0.0001,0.0000001,0.0000001,0.1,False,True
142,WAN-BTC,WAN-BTC,WAN,BTC,BTC,DeFi,0.1,0.00001,10000000000,99999999,0.0001,0.00000001,0.00000001,0.1,False,True
143,DOCK-BTC,DOCK-BTC,DOCK,BTC,BTC,BTC,1,0.00001,10000000000,99999999,0.0001,0.00000001,0.00000001,0.1,False,True
144,ETN-ETH,ETN-ETH,ETN,ETH,ETH,ALTS,10,0.0001,10000000000,99999999,0.01,0.0000001,0.00000001,0.1,False,True
145,AOA-USDT,AOA-USDT,AOA,USDT,USDT,USDS,10,0.01,10000000000,99999999,0.0001,0.0000001,0.0000001,0.1,False,True
146,DOCK-ETH,DOCK-ETH,DOCK,ETH,ETH,ALTS,1,0.0001,10000000000,99999999,0.0001,0.0000001,0.0000001,0.1,False,True
147,DACC-ETH,DACC-ETH,DACC,ETH,ETH,ALTS,100,0.0001,10000000000,99999999,0.0001,0.0000001,0.00000001,0.1,False,True
148,CS-ETH,CS-ETH,CS,ETH,ETH,ALTS,1,0.0001,10000000000,99999999,0.0001,0.0000001,0.0000001,0.1,False,True
149,AOA-BTC,AOA-BTC,AOA,BTC,BTC,BTC,1,0.00001,10000000000,99999999,0.0001,0.00000001,0.00000001,0.1,False,True
150,DAG-ETH,DAG-ETH,DAG,ETH,ETH,ALTS,10,0.0001,10000000000,99999999,0.0001,0.0000001,0.0000001,0.1,False,True
151,SUSD-USDT,SUSD-USDT,SUSD,USDT,USDT,USDS,0.1,0.01,10000000000,99999999,0.0001,0.000001,0.000001,0.1,False,True
152,ELA-BTC,ELA-BTC,ELA,BTC,BTC,BTC,0.01,0.00001,10000000000,99999999,0.0001,0.00000001,0.00000001,0.1,False,True
153,CBC-BTC,CBC-BTC,CBC,BTC,BTC,BTC,10,0.00001,10000000000,99999999,0.0001,0.00000001,0.00000001,0.1,False,True
154,TRX-BTC,TRX-BTC,TRX,BTC,BTC,BTC,1,0.00001,10000000000,99999999,0.0001,0.000000001,0.000000001,0.1,True,True
155,ZRX-BTC,ZRX-BTC,ZRX,BTC,BTC,DeFi,0.1,0.00001,10000000000,99999999,0.0001,0.00000001,0.00000001,0.1,True,True
156,XLM-ETH,XLM-ETH,XLM,ETH,ETH,ALTS,0.1,0.0001,10000000000,99999999,0.0001,0.0000001,0.00000001,0.1,False,True
157,TRX-ETH,TRX-ETH,TRX,ETH,ETH,ALTS,1,0.0001,10000000000,99999999,0.0001,0.0000001,0.00000001,0.1,True,True
158,XLM-BTC,XLM-BTC,XLM,BTC,BTC,BTC,0.1,0.00001,10000000000,99999999,0.0001,0.00000001,0.00000001,0.1,True,True
159,SUSD-ETH,SUSD-ETH,SUSD,ETH,ETH,ALTS,0.1,0.0001,10000000000,99999999,0.0001,0.0000001,0.0000001,0.1,False,True
160,DAG-BTC,DAG-BTC,DAG,BTC,BTC,BTC,10,0.00001,10000000000,99999999,0.0001,0.00000001,0.0000000001,0.1,False,True
161,CPC-ETH,CPC-ETH,CPC,ETH,ETH,ALTS,120,0.0001,10000000000,99999999,0.0001,0.00000001,0.00000001,0.1,False,True
162,TRX-USDT,TRX-USDT,TRX,USDT,USDT,USDS,1,0.01,10000000000,99999999,0.0001,0.000001,0.000001,0.1,True,True
163,SUSD-BTC,SUSD-BTC,SUSD,BTC,BTC,BTC,0.1,0.00001,10000000000,99999999,0.0001,0.00000001,0.00000001,0.1,False,True
164,MVP-BTC,MVP-BTC,MVP,BTC,BTC,BTC,100,0.00001,10000000000,99999999,0.0001,0.00000001,0.0000000001,0.1,False,True
165,CPC-BTC,CPC-BTC,CPC,BTC,BTC,BTC,120,0.00001,10000000000,99999999,0.0001,0.0000000001,0.0000000001,0.1,False,True
166,ZRX-ETH,ZRX-ETH,ZRX,ETH,ETH,DeFi,0.1,0.0001,10000000000,99999999,0.0001,0.0000001,0.0000001,0.1,False,True
167,MVP-ETH,MVP-ETH,MVP,ETH,ETH,ALTS,100,0.0001,10000000000,99999999,0.0001,0.0000000001,0.0000000001,0.1,False,True
168,ELA-ETH,ELA-ETH,ELA,ETH,ETH,ALTS,0.01,0.0001,10000000000,99999999,0.0001,0.0000001,0.0000001,0.1,False,True
169,CRPT-ETH,CRPT-ETH,CRPT,ETH,ETH,ALTS,0.1,0.0001,10000000000,99999999,0.0001,0.0000001,0.0000001,0.1,False,True
170,MTC-BTC,MTC-BTC,MTC,BTC,BTC,BTC,10,0.00001,10000000000,99999999,0.0001,0.00000001,0.00000001,0.1,False,True
171,OLT-ETH,OLT-ETH,OLT,ETH,ETH,ALTS,10,0.0001,10000000000,99999999,0.0001,0.0000001,0.0000001,0.1,False,True
172,OLT-BTC,OLT-BTC,OLT,BTC,BTC,BTC,10,0.00001,10000000000,99999999,0.0001,0.00000001,0.0000000001,0.1,False,True
173,MTC-ETH,MTC-ETH,MTC,ETH,ETH,ALTS,10,0.0001,500000,99999999,0.0001,0.0000001,0.0000001,0.1,False,True
174,CRPT-BTC,CRPT-BTC,CRPT,BTC,BTC,BTC,0.1,0.00001,10000000000,99999999,0.0001,0.00000001,0.00000001,0.1,False,True
175,EDN-ETH,EDN-ETH,EDN,ETH,ETH,ALTS,10,0.0001,10000000000,99999999,0.0001,0.00000001,0.00000001,0.1,False,True
176,EDN-BTC,EDN-BTC,EDN,BTC,BTC,BTC,10,0.00001,10000000000,99999999,0.0001,0.0000000001,0.0000000001,0.1,False,True
177,BCHSV-USDT,BSV-USDT,BSV,USDT,USDT,USDS,0.001,0.05,10000000000,99999999,0.00000001,0.000001,0.001,0.1,True,True
178,BCHSV-ETH,BSV-ETH,BSV,ETH,ETH,ALTS,0.001,0.0001,10000000000,99999999,0.00000001,0.0000001,0.00001,0.1,True,True
179,DCR-ETH,DCR-ETH,DCR,ETH,ETH,ALTS,0.001,0.0001,10000000000,99999999,0.0001,0.0000001,0.0000001,0.1,False,True
180,DCR-BTC,DCR-BTC,DCR,BTC,BTC,BTC,0.001,0.00001,10000000000,99999999,0.0001,0.00000001,0.00000001,0.1,False,True
181,KCS-USDT,KCS-USDT,KCS,USDT,USDT,USDS,0.01,0.05,10000000000,99999999,0.0001,0.0001,0.001,0.1,True,True
182,KCS-ETH,KCS-ETH,KCS,ETH,ETH,ALTS,0.01,0.0001,10000000000,99999999,0.0001,0.000001,0.000001,0.1,False,True
183,KCS-BTC,KCS-BTC,KCS,BTC,BTC,BTC,0.01,0.00001,10000000000,99999999,0.0001,0.0000001,0.0000001,0.1,False,True
184,VET-BTC,VET-BTC,VET,BTC,BTC,BTC,10,0.00001,10000000000,99999999,0.0001,0.00000001,0.00000001,0.1,True,True
185,VET-ETH,VET-ETH,VET,ETH,ETH,ALTS,10,0.0001,10000000000,99999999,0.0001,0.0000001,0.00000001,0.1,False,True
186,NEO-ETH,NEO-ETH,NEO,ETH,ETH,ALTS,0.001,0.0001,10000000000,99999999,0.000001,0.0000001,0.000001,0.1,False,True
187,NEO-BTC,NEO-BTC,NEO,BTC,BTC,BTC,0.001,0.00001,100000,99999999,0.000001,0.00000001,0.0000001,0.1,False,True
188,NEO-USDT,NEO-USDT,NEO,USDT,USDT,USDS,0.001,0.01,10000000000,99999999,0.000001,0.000001,0.0001,0.1,True,True
189,USDT-PAX,USDT-PAX,USDT,PAX,PAX,USDS,0.01,0.01,10000000000,99999999,0.000001,0.000001,0.0001,0.1,False,True
190,USDT-TUSD,USDT-TUSD,USDT,TUSD,TUSD,USDS,0.01,0.01,10000000000,99999999,0.000001,0.000001,0.0001,0.1,False,True
191,NEO-KCS,NEO-KCS,NEO,KCS,KCS,KCS,0.001,0.01,10000000000,99999999,0.000001,0.0001,0.001,0.1,False,True
192,USDT-USDC,USDT-USDC,USDT,USDC,USDC,USDS,0.01,0.01,10000000000,99999999,0.000001,0.0001,0.0001,0.1,False,True
193,ETH-PAX,ETH-PAX,ETH,PAX,PAX,USDS,0.0001,0.01,10000000000,999999999,0.0000001,0.000001,0.01,0.1,False,True
194,ETH-USDC,ETH-USDC,ETH,USDC,USDC,USDS,0.0001,0.01,10000000000,999999999,0.0000001,0.0001,0.01,0.1,False,True
195,ETH-TUSD,ETH-TUSD,ETH,TUSD,TUSD,USDS,0.0001,0.01,10000000000,999999999,0.0000001,0.000001,0.01,0.1,False,True
196,BCH-USDT,BCH-USDT,BCH,USDT,USDT,USDS,0.0001,0.01,10000000000,99999999,0.0001,0.01,0.01,0.1,True,True
197,BTC-TUSD,BTC-TUSD,BTC,TUSD,TUSD,USDS,0.00001,0.01,10000000000,99999999,0.00000001,0.000001,0.1,0.1,False,True
198,ETH-USDT,ETH-USDT,ETH,USDT,USDT,USDS,0.0001,0.01,10000000000,999999999,0.0000001,0.000001,0.01,0.1,True,True
199,BTC-USDT,BTC-USDT,BTC,USDT,USDT,USDS,0.00001,0.01,10000000000,99999999,0.00000001,0.000001,0.1,0.1,True,True
200,BTC-PAX,BTC-PAX,BTC,PAX,PAX,USDS,0.00001,0.01,10000000000,99999999,0.00000001,0.000001,0.1,0.1,False,True
201,ETH-BTC,ETH-BTC,ETH,BTC,BTC,BTC,0.0001,0.00001,10000000000,999999999,0.0000001,0.00000001,0.000001,0.1,True,True
202,BTC-USDC,BTC-USDC,BTC,USDC,USDC,USDS,0.00001,0.01,10000000000,99999999,0.00000001,0.0001,0.1,0.1,False,True
203,MHC-ETH,MHC-ETH,MHC,ETH,ETH,ALTS,1,0.0001,10000000000,99999999,0.0001,0.0000001,0.00000001,0.1,False,True
204,MHC-BTC,MHC-BTC,MHC,BTC,BTC,BTC,1,0.00001,10000000000,99999999,0.0001,0.00000001,0.0000000001,0.1,False,True
205,CSP-BTC,CSP-BTC,CSP,BTC,BTC,BTC,1,0.00001,10000000000,99999999,0.0001,0.00000001,0.0000000001,0.1,False,True
206,CSP-ETH,CSP-ETH,CSP,ETH,ETH,ALTS,1,0.0001,10000000000,99999999,0.0001,0.00000001,0.00000001,0.1,False,True
207,LOKI-BTC,OXEN-BTC,OXEN,BTC,BTC,BTC,0.1,0.00001,10000000000,99999999,0.0001,0.00000001,0.00000001,0.1,False,True
208,LOKI-ETH,OXEN-ETH,OXEN,ETH,ETH,ALTS,0.1,0.0001,10000000000,99999999,0.0001,0.0000001,0.0000001,0.1,False,True
209,NRG-BTC,NRG-BTC,NRG,BTC,BTC,BTC,0.01,0.00001,10000000000,99999999,0.0001,0.00000001,0.00000001,0.1,False,True
210,AVA-USDT,AVA-USDT,AVA,USDT,USDT,USDS,0.1,0.01,10000000000,99999999,0.0001,0.000001,0.000001,0.1,False,True
211,FET-BTC,FET-BTC,FET,BTC,BTC,BTC,0.1,0.00001,10000000000,99999999,0.0001,0.00000001,0.00000001,0.1,False,True
212,FET-ETH,FET-ETH,FET,ETH,ETH,ALTS,0.1,0.0001,10000000000,99999999,0.0001,0.0000001,0.0000001,0.1,False,True
213,ANKR-BTC,ANKR-BTC,ANKR,BTC,BTC,BTC,10,0.00001,10000000000,99999999,0.0001,0.00000001,0.0000000001,0.1,False,True
214,DX-BTC,DX-BTC,DX,BTC,BTC,BTC,100,0.00001,10000000000,99999999,0.0001,0.0000000001,0.0000000001,0.1,False,True
215,DX-ETH,DX-ETH,DX,ETH,ETH,ALTS,100,0.0001,10000000000,99999999,0.0001,0.00000001,0.00000001,0.1,False,True
216,MHC-USDT,MHC-USDT,MHC,USDT,USDT,USDS,1,0.01,10000000000,99999999,0.0001,0.000001,0.000001,0.1,False,True
217,XMR-BTC,XMR-BTC,XMR,BTC,BTC,BTC,0.001,0.00001,10000000000,99999999,0.0001,0.000001,0.000001,0.1,True,True
218,XMR-ETH,XMR-ETH,XMR,ETH,ETH,ALTS,0.001,0.0001,10000000000,99999999,0.0001,0.00001,0.00001,0.1,False,True
219,RBTC-BTC,RBTC-BTC,RBTC,BTC,BTC,BTC,0.00001,0.00001,10000000000,99999999,0.00000001,0.000001,0.00000001,0.1,False,True
220,RIF-BTC,RIF-BTC,RIF,BTC,BTC,BTC,1,0.00001,10000000000,99999999,0.0001,0.00000001,0.00000001,0.1,False,True
221,TRTL-BTC,TRTL-BTC,TRTL,BTC,BTC,BTC,100,0.00001,10000000000,99999999,0.0001,0.0000000001,0.0000000001,0.1,False,True
222,TRTL-ETH,TRTL-ETH,TRTL,ETH,ETH,ALTS,100,0.0001,10000000000,99999999,0.0001,0.0000000001,0.0000000001,0.1,False,True
223,MTV-BTC,MTV-BTC,MTV,BTC,BTC,BTC,1,0.00001,10000000000,99999999,0.0001,0.000000001,0.000000001,0.1,False,True
224,MTV-ETH,MTV-ETH,MTV,ETH,ETH,ALTS,1,0.0001,10000000000,99999999,0.0001,0.00000001,0.00000001,0.1,False,True
225,CRO-BTC,CRO-BTC,CRO,BTC,BTC,BTC,1,0.00001,10000000000,99999999,0.0001,0.00000001,0.00000001,0.1,False,True
226,MTV-USDT,MTV-USDT,MTV,USDT,USDT,USDS,1,0.01,10000000000,99999999,0.0001,0.0000001,0.0000001,0.1,False,True
227,RFOX-USDT,RFOX-USDT,RFOX,USDT,USDT,NFT,5,0.5,10000000000,99999999,0.0001,0.00001,0.00001,0.1,False,True
228,TEL-USDT,TEL-USDT,TEL,USDT,USDT,USDS,1000,0.00000001,10000000000,99999999,0.0001,0.00000001,0.00000001,0.1,False,True
229,XMR-USDT,XMR-USDT,XMR,USDT,USDT,USDS,0.01,1,10000000000,99999999,0.0001,0.01,0.01,0.1,True,True
230,TRX-KCS,TRX-KCS,TRX,KCS,KCS,KCS,1,0.01,10000000000,99999999,0.0001,0.000001,0.000001,0.1,False,True
231,ATOM-BTC,ATOM-BTC,ATOM,BTC,BTC,BTC,0.01,0.00000001,10000000000,99999999,0.0001,0.00000001,0.00000001,0.1,True,True
232,ATOM-ETH,ATOM-ETH,ATOM,ETH,ETH,ALTS,0.01,0.00000001,10000000000,99999999,0.0001,0.000001,0.000001,0.1,True,True
233,ATOM-USDT,ATOM-USDT,ATOM,USDT,USDT,USDS,0.01,0.00000001,10000000000,99999999,0.0001,0.0001,0.0001,0.1,True,True
234,ATOM-KCS,ATOM-KCS,ATOM,KCS,KCS,KCS,0.01,0.01,10000000000,99999999,0.0001,0.0001,0.0001,0.1,False,True
235,ETN-USDT,ETN-USDT,ETN,USDT,USDT,USDS,10,0.01,10000000000,99999999,0.0001,0.0000001,0.0000001,0.1,False,True
236,FTM-USDT,FTM-USDT,FTM,USDT,USDT,USDS,1,0.1,10000000000,99999999,0.0001,0.00001,0.00001,0.1,True,True
237,TOMO-USDT,TOMO-USDT,TOMO,USDT,USDT,USDS,0.1,0.00000001,10000000000,99999999,0.0001,0.00001,0.00001,0.1,False,True
238,VSYS-USDT,VSYS-USDT,VSYS,USDT,USDT,USDS,0.1,0.00000001,10000000000,99999999,0.0001,0.00001,0.00001,0.1,False,True
239,OCEAN-BTC,OCEAN-BTC,OCEAN,BTC,BTC,Polkadot,1,0.00000001,10000000000,99999999,0.0001,0.00000001,0.00000001,0.1,False,True
240,OCEAN-ETH,OCEAN-ETH,OCEAN,ETH,ETH,Polkadot,1,0.00000001,10000000000,99999999,0.0001,0.00000001,0.00000001,0.1,False,True
241,CHR-BTC,CHR-BTC,CHR,BTC,BTC,NFT,1,0.000001,10000000000,99999999,0.0001,0.00000001,0.00000001,0.1,False,True
242,CHR-USDT,CHR-USDT,CHR,USDT,USDT,NFT,1,0.01,10000000000,99999999,0.0001,0.000001,0.000001,0.1,True,True
243,FX-BTC,FX-BTC,FX,BTC,BTC,BTC,0.1,0.000001,10000000000,99999999,0.00001,0.00000001,0.00000001,0.1,False,True
244,FX-ETH,FX-ETH,FX,ETH,ETH,ALTS,0.1,0.00001,10000000000,99999999,0.00001,0.0000001,0.0000001,0.1,False,True
245,NIM-BTC,NIM-BTC,NIM,BTC,BTC,BTC,10,0.000001,10000000000,99999999,0.001,0.0000000001,0.0000000001,0.1,False,True
246,NIM-ETH,NIM-ETH,NIM,ETH,ETH,ALTS,10,0.00001,10000000000,99999999,0.001,0.00000001,0.00000001,0.1,False,True
247,COTI-BTC,COTI-BTC,COTI,BTC,BTC,DeFi,1,0.000001,10000000000,99999999,0.0001,0.00000001,0.00000001,0.1,False,True
248,COTI-USDT,COTI-USDT,COTI,USDT,USDT,DeFi,1,0.01,10000000000,99999999,0.0001,0.000001,0.000001,0.1,False,True
249,NRG-ETH,NRG-ETH,NRG,ETH,ETH,ALTS,0.01,0.00001,10000000000,99999999,0.0001,0.0000001,0.0000001,0.1,False,True
250,PIVX-BTC,PIVX-BTC,PIVX,BTC,BTC,BTC,0.1,0.000001,10000000000,99999999,0.00001,0.00000001,0.00000001,0.1,False,True
251,PIVX-ETH,PIVX-ETH,PIVX,ETH,ETH,ALTS,0.1,0.00001,10000000000,99999999,0.00001,0.0000001,0.0000001,0.1,False,True
252,BNB-BTC,BNB-BTC,BNB,BTC,BTC,BTC,0.001,0.000001,10000000000,99999999,0.0001,0.0000001,0.0000001,0.1,False,True
253,BNB-USDT,BNB-USDT,BNB,USDT,USDT,USDS,0.001,0.01,10000000000,99999999,0.0001,0.001,0.001,0.1,True,True
254,JAR-BTC,JAR-BTC,JAR,BTC,BTC,BTC,1,0.000001,10000000000,99999999,0.0001,0.00000001,0.0000000001,0.1,False,True
255,JAR-USDT,JAR-USDT,JAR,USDT,USDT,USDS,1,0.01,10000000000,99999999,0.0001,0.000001,0.000001,0.1,False,True
256,ALGO-BTC,ALGO-BTC,ALGO,BTC,BTC,BTC,0.01,0.000001,10000000000,99999999,0.0001,0.00000001,0.00000001,0.1,False,True
257,ALGO-ETH,ALGO-ETH,ALGO,ETH,ETH,ALTS,0.01,0.00001,10000000000,99999999,0.0001,0.000001,0.000001,0.1,False,True
258,ALGO-USDT,ALGO-USDT,ALGO,USDT,USDT,USDS,0.01,0.01,10000000000,99999999,0.0001,0.0001,0.0001,0.1,True,True
259,XEM-BTC,XEM-BTC,XEM,BTC,BTC,BTC,1,0.000001,10000000000,99999999,0.0001,0.00000001,0.00000001,0.1,False,True
260,XEM-USDT,XEM-USDT,XEM,USDT,USDT,USDS,1,0.01,10000000000,99999999,0.0001,0.000001,0.000001,0.1,True,True
261,CIX100-USDT,CIX100-USDT,CIX100,USDT,USDT,USDS,0.1,0.01,10000000000,99999999,0.0001,0.00001,0.00001,0.1,False,True
262,XTZ-BTC,XTZ-BTC,XTZ,BTC,BTC,BTC,0.1,0.000001,10000000000,99999999,0.0001,0.00000001,0.00000001,0.1,True,True
263,XTZ-USDT,XTZ-USDT,XTZ,USDT,USDT,USDS,0.1,0.01,10000000000,99999999,0.0001,0.00001,0.00001,0.1,True,True
264,ZEC-BTC,ZEC-BTC,ZEC,BTC,BTC,BTC,0.001,0.000001,10000000000,99999999,0.0001,0.0000001,0.0000001,0.1,True,True
265,ZEC-USDT,ZEC-USDT,ZEC,USDT,USDT,USDS,0.001,0.01,10000000000,99999999,0.0001,0.001,0.001,0.1,True,True
266,ADA-BTC,ADA-BTC,ADA,BTC,BTC,BTC,1,0.000001,10000000000,99999999,0.0001,0.00000001,0.00000001,0.1,True,True
267,ADA-USDT,ADA-USDT,ADA,USDT,USDT,USDS,1,0.01,10000000000,99999999,0.0001,0.000001,0.000001,0.1,True,True
268,R-USDT,REV-USDT,REV,USDT,USDT,USDS,0.1,0.01,10000000000,99999999,0.0001,0.00001,0.00001,0.1,False,True
269,WXT-BTC,WXT-BTC,WXT,BTC,BTC,BTC,1,0.000001,10000000000,99999999,0.0001,0.00000001,0.00000001,0.1,False,True
270,WXT-USDT,WXT-USDT,WXT,USDT,USDT,USDS,1,0.01,10000000000,99999999,0.0001,0.000001,0.000001,0.1,False,True
271,FORESTPLUS-BTC,FORESTPLUS-BTC,FORESTPLUS,BTC,BTC,BTC,0.01,0.000001,10000000000,99999999,0.0001,0.0000000001,0.0000000001,0.1,False,True
272,FORESTPLUS-USDT,FORESTPLUS-USDT,FORESTPLUS,USDT,USDT,USDS,0.01,0.01,10000000000,99999999,0.0001,0.0000001,0.0000001,0.1,False,True
273,BOLT-BTC,BOLT-BTC,BOLT,BTC,BTC,BTC,1,0.000001,10000000000,99999999,0.0001,0.00000001,0.0000000001,0.1,False,True
274,BOLT-USDT,BOLT-USDT,BOLT,USDT,USDT,USDS,1,0.01,10000000000,99999999,0.0001,0.000001,0.000001,0.1,False,True
275,ARPA-USDT,ARPA-USDT,ARPA,USDT,USDT,USDS,1,0.01,10000000000,99999999,0.0001,0.000001,0.000001,0.1,False,True
276,SERO-USDT,SERO-USDT,SERO,USDT,USDT,USDS,1,0.01,10000000000,99999999,0.0001,0.000001,0.000001,0.1,False,True
277,CHZ-BTC,CHZ-BTC,CHZ,BTC,BTC,NFT,1,0.000001,10000000000,99999999,0.0001,0.00000001,0.0000000001,0.1,False,True
278,CHZ-USDT,CHZ-USDT,CHZ,USDT,USDT,NFT,1,0.01,10000000000,99999999,0.0001,0.00001,0.00001,0.1,True,True
279,DAPPT-BTC,DAPPT-BTC,DAPPT,BTC,BTC,BTC,10,0.000001,10000000000,99999999,0.0001,0.0000000001,0.0000000001,0.1,False,True
280,DAPPT-USDT,DAPPT-USDT,DAPPT,USDT,USDT,USDS,10,0.01,10000000000,99999999,0.0001,0.0000001,0.0000001,0.1,False,True
281,NOIA-BTC,NOIA-BTC,NOIA,BTC,BTC,BTC,1,0.000001,10000000000,99999999,0.0001,0.00000001,0.00000001,0.1,False,True
282,NOIA-USDT,NOIA-USDT,NOIA,USDT,USDT,USDS,1,0.01,10000000000,99999999,0.0001,0.000001,0.000001,0.1,False,True
283,BLOC-USDT,BLOC-USDT,BLOC,USDT,USDT,USDS,10,0.01,10000000000,99999999,0.0001,0.0000001,0.0000001,0.1,False,True
284,WIN-BTC,WIN-BTC,WIN,BTC,BTC,BTC,1000,0.000001,10000000000,99999999,0.0001,0.0000000001,0.0000000001,0.1,False,True
285,WIN-USDT,WIN-USDT,WIN,USDT,USDT,USDS,1000,0.01,10000000000,99999999,0.0001,0.00000001,0.00000001,0.1,True,True
286,DERO-BTC,DERO-BTC,DERO,BTC,BTC,BTC,0.1,0.000001,10000000000,99999999,0.0001,0.00000001,0.00000001,0.1,False,True
287,DERO-USDT,DERO-USDT,DERO,USDT,USDT,USDS,0.1,0.01,10000000000,99999999,0.0001,0.00001,0.00001,0.1,False,True
288,BTT-USDT,BTT-USDT,BTT,USDT,USDT,USDS,100,0.01,10000000000,99999999,0.0001,0.00000001,0.00000001,0.1,True,True
289,EOSC-USDT,EOSC-USDT,EOSC,USDT,USDT,USDS,1,0.01,10000000000,99999999,0.0001,0.000001,0.000001,0.1,False,True
290,FKX-BTC,FKX-BTC,FKX,BTC,BTC,BTC,10,0.000001,10000000000,99999999,0.0001,0.0000000001,0.0000000001,0.1,False,True
291,FKX-ETH,FKX-ETH,FKX,ETH,ETH,ALTS,10,0.00001,10000000000,99999999,0.0001,0.00000001,0.00000001,0.1,False,True
292,ENQ-BTC,ENQ-BTC,ENQ,BTC,BTC,BTC,0.1,0.000001,10000000000,99999999,0.0001,0.000000001,0.00000001,0.1,False,True
293,ENQ-USDT,ENQ-USDT,ENQ,USDT,USDT,USDS,0.1,0.01,10000000000,99999999,0.0001,0.00001,0.00001,0.1,False,True
294,ONE-BTC,ONE-BTC,ONE,BTC,BTC,BTC,1,0.000001,10000000000,99999999,0.0001,0.00000001,0.00000001,0.1,False,True
295,ONE-USDT,ONE-USDT,ONE,USDT,USDT,USDS,1,0.01,10000000000,99999999,0.0001,0.000001,0.000001,0.1,True,True
296,TOKO-BTC,TOKO-BTC,TOKO,BTC,BTC,BTC,1,0.000001,10000000000,99999999,0.0001,0.00000001,0.00000001,0.1,False,True
297,TOKO-USDT,TOKO-USDT,TOKO,USDT,USDT,USDS,1,0.01,10000000000,99999999,0.0001,0.000001,0.000001,0.1,False,True
298,VID-BTC,VID-BTC,VID,BTC,BTC,BTC,0.1,0.000001,10000000000,99999999,0.0001,0.00000001,0.00000001,0.1,False,True
299,VID-USDT,VID-USDT,VID,USDT,USDT,USDS,0.1,0.01,10000000000,99999999,0.0001,0.00001,0.00001,0.1,False,True
300,LUNA-BTC,LUNA-BTC,LUNA,BTC,BTC,BTC,0.01,0.000001,10000000000,99999999,0.0001,0.00000001,0.00000001,0.1,True,True
301,LUNA-USDT,LUNA-USDT,LUNA,USDT,USDT,USDS,0.01,0.01,10000000000,99999999,0.0001,0.0001,0.0001,0.1,True,True
302,SDT-USDT,SDT-USDT,SDT,USDT,USDT,USDS,0.01,0.01,10000000000,99999999,0.0001,0.0001,0.0001,0.1,False,True
303,MXW-USDT,MXW-USDT,MXW,USDT,USDT,USDS,0.1,0.0001,10000000000,99999999,0.1,0.0001,0.0001,0.1,False,True
304,SXP-BTC,SXP-BTC,SXP,BTC,BTC,BTC,0.01,0.000001,10000000000,99999999,0.0001,0.00000001,0.00000001,0.1,False,True
305,SXP-USDT,SXP-USDT,SXP,USDT,USDT,USDS,0.01,0.01,10000000000,99999999,0.0001,0.0001,0.0001,0.1,True,True
306,VIDT-BTC,VIDT-BTC,VIDT,BTC,BTC,NFT,0.1,0.000001,10000000000,99999999,0.0001,0.00000001,0.00000001,0.1,False,True
307,AKRO-BTC,AKRO-BTC,AKRO,BTC,BTC,Polkadot,10,0.000001,10000000000,99999999,0.0001,0.0000000001,0.0000000001,0.1,False,True
308,AKRO-USDT,AKRO-USDT,AKRO,USDT,USDT,Polkadot,10,0.01,10000000000,99999999,0.0001,0.0000001,0.0000001,0.1,False,True
309,ROOBEE-BTC,ROOBEE-BTC,ROOBEE,BTC,BTC,BTC,10,0.000001,10000000000,99999999,0.0001,0.000000001,0.000000001,0.1,False,True
310,BTT-TRX,BTT-TRX,BTT,TRX,TRX,ALTS,100,0.01,10000000000,99999999,0.0001,0.0000001,0.0000001,0.1,False,True
311,WIN-TRX,WIN-TRX,WIN,TRX,TRX,ALTS,10000,0.01,10000000000,99999999,0.0001,0.0000001,0.0000001,0.1,False,True
312,MAP-BTC,MAP-BTC,MAP,BTC,BTC,Polkadot,20,0.000001,10000000000,99999999,0.0001,0.00000001,0.00000001,0.1,False,True
313,MAP-USDT,MAP-USDT,MAP,USDT,USDT,Polkadot,20,0.01,10000000000,99999999,0.0001,0.000001,0.000001,0.1,False,True
314,AMPL-BTC,AMPL-BTC,AMPL,BTC,BTC,DeFi,0.1,0.000001,10000000000,99999999,0.01,0.00000001,0.00000001,0.1,False,True
315,AMPL-USDT,AMPL-USDT,AMPL,USDT,USDT,DeFi,0.1,0.01,10000000000,99999999,0.01,0.00001,0.00001,0.1,False,True
316,DAG-USDT,DAG-USDT,DAG,USDT,USDT,USDS,1,0.01,10000000000,99999999,0.0001,0.000001,0.000001,0.1,False,True
317,POL-USDT,POL-USDT,POL,USDT,USDT,USDS,20,1,10000000000,99999999,0.0001,0.00001,0.00001,0.1,False,True
318,ARX-USDT,ARX-USDT,ARX,USDT,USDT,USDS,1,0.01,10000000000,99999999,0.0001,0.00001,0.00001,0.1,False,True
319,NWC-BTC,NWC-BTC,NWC,BTC,BTC,BTC,1,0.000001,10000000000,99999999,0.0001,0.00000001,0.00000001,0.1,False,True
320,NWC-USDT,NWC-USDT,NWC,USDT,USDT,USDS,1,0.01,10000000000,99999999,0.0001,0.000001,0.000001,0.1,False,True
321,BEPRO-BTC,BEPRO-BTC,BEPRO,BTC,BTC,BTC,10,0.000001,10000000000,99999999,0.0001,0.0000000001,0.0000000001,0.1,False,True
322,BEPRO-USDT,BEPRO-USDT,BEPRO,USDT,USDT,USDS,10,0.01,10000000000,99999999,0.0001,0.00000001,0.00000001,0.1,False,True
323,VRA-BTC,VRA-BTC,VRA,BTC,BTC,BTC,100,0.000001,10000000000,99999999,0.0001,0.0000000001,0.0000000001,0.1,False,True
324,VRA-USDT,VRA-USDT,VRA,USDT,USDT,USDS,100,0.01,10000000000,99999999,0.0001,0.00000001,0.00000001,0.1,False,True
325,KSM-BTC,KSM-BTC,KSM,BTC,BTC,Polkadot,0.01,0.000001,10000000000,99999999,0.0001,0.00000001,0.00000001,0.1,False,True
326,KSM-USDT,KSM-USDT,KSM,USDT,USDT,Polkadot,0.01,0.01,10000000000,99999999,0.0001,0.0001,0.0001,0.1,True,True
327,DASH-USDT,DASH-USDT,DASH,USDT,USDT,USDS,0.0001,0.01,10000000000,99999999,0.0001,0.01,0.01,0.1,True,True
328,PMGT-USDT,PMGT-USDT,PMGT,USDT,USDT,USDS,0.00001,0.01,10000000000,99999999,0.00001,0.1,0.1,0.1,False,True
329,SUTER-USDT,SUTER-USDT,SUTER,USDT,USDT,DeFi,10,0.01,10000000000,99999999,0.0001,0.0000001,0.0000001,0.1,False,True
330,PMGT-BTC,PMGT-BTC,PMGT,BTC,BTC,BTC,0.00001,0.000001,10000000000,99999999,0.00001,0.00001,0.00001,0.1,False,True
331,ACOIN-USDT,ACOIN-USDT,ACOIN,USDT,USDT,USDS,0.001,0.01,10000000000,99999999,0.0001,0.000001,0.000001,0.1,False,True
332,SUTER-BTC,SUTER-BTC,SUTER,BTC,BTC,DeFi,10,0.000001,10000000000,99999999,0.0001,0.00000001,0.00000001,0.1,False,True
333,SENSO-USDT,SENSO-USDT,SENSO,USDT,USDT,NFT,1,0.01,10000000000,99999999,0.0001,0.000001,0.000001,0.1,False,True
334,PRE-BTC,PRE-BTC,PRE,BTC,BTC,BTC,1,0.000001,10000000000,99999999,0.0001,0.0000000001,0.0000000001,0.1,False,True
335,XDB-USDT,XDB-USDT,XDB,USDT,USDT,USDS,1,0.000001,10000000000,99999999,0.0001,0.00000001,0.00000001,0.1,False,True
336,SYLO-USDT,SYLO-USDT,SYLO,USDT,USDT,USDS,1,0.01,10000000000,99999999,0.0001,0.00001,0.00001,0.1,False,True
337,WOM-USDT,WOM-USDT,WOM,USDT,USDT,USDS,20,1,10000000000,99999999,0.0001,0.000001,0.000001,0.1,False,True
338,SENSO-BTC,SENSO-BTC,SENSO,BTC,BTC,NFT,1,0.00001,10000000000,99999999,0.0001,0.00000001,0.00000001,0.1,False,True
339,DGB-USDT,DGB-USDT,DGB,USDT,USDT,USDS,1,0.01,10000000000,99999999,0.0001,0.000001,0.000001,0.1,False,True
340,LYXE-USDT,LYXe-USDT,LYXe,USDT,USDT,NFT,0.1,0.1,10000000000,99999999,0.0001,0.00001,0.00001,0.1,False,True
341,LYXE-ETH,LYXe-ETH,LYXe,ETH,ETH,NFT,0.1,0.00001,10000000000,99999999,0.0001,0.0000001,0.0000001,0.1,False,True
342,XDB-BTC,XDB-BTC,XDB,BTC,BTC,BTC,1,0.000001,10000000000,99999999,0.0001,0.00000001,0.00000001,0.1,False,True
343,STX-BTC,STX-BTC,STX,BTC,BTC,BTC,0.1,0.000001,10000000000,99999999,0.0001,0.00000001,0.00000001,0.1,False,True
344,STX-USDT,STX-USDT,STX,USDT,USDT,USDS,0.1,0.01,10000000000,99999999,0.0001,0.0001,0.0001,0.1,False,True
345,USDN-USDT,USDN-USDT,USDN,USDT,USDT,DeFi,0.1,0.01,10000000000,99999999,0.0001,0.0001,0.0001,0.1,False,True
346,XSR-USDT,XSR-USDT,XSR,USDT,USDT,USDS,1,0.01,10000000000,99999999,0.0001,0.000001,0.000001,0.1,False,True
347,COMP-USDT,COMP-USDT,COMP,USDT,USDT,DeFi,0.0001,0.01,10000000000,99999999,0.0001,0.01,0.01,0.1,True,True
348,CRO-USDT,CRO-USDT,CRO,USDT,USDT,USDS,0.1,0.01,10000000000,99999999,0.0001,0.0001,0.0001,0.1,True,True
349,DGTX-ETH,DGTX-ETH,DGTX,ETH,ETH,ALTS,0.01,0.00001,10000000000,99999999,0.0001,0.0000001,0.0000001,0.1,False,True
350,DGTX-BTC,DGTX-BTC,DGTX,BTC,BTC,BTC,0.01,0.000001,10000000000,99999999,0.0001,0.00000001,0.00000001,0.1,False,True
351,KAI-USDT,KAI-USDT,KAI,USDT,USDT,USDS,10,0.01,10000000000,99999999,0.0001,0.0000001,0.0000001,0.1,False,True
352,KAI-BTC,KAI-BTC,KAI,BTC,BTC,BTC,10,0.000001,10000000000,99999999,0.0001,0.0000000001,0.0000000001,0.1,False,True
353,WEST-BTC,WEST-BTC,WEST,BTC,BTC,BTC,0.1,0.000001,10000000000,99999999,0.0001,0.00000001,0.00000001,0.1,False,True
354,WEST-USDT,WEST-USDT,WEST,USDT,USDT,USDS,0.1,0.01,10000000000,99999999,0.0001,0.00001,0.00001,0.1,False,True
355,EWT-BTC,EWT-BTC,EWT,BTC,BTC,BTC,0.01,0.000001,10000000000,99999999,0.0001,0.00000001,0.00000001,0.1,False,True
356,WAVES-USDT,WAVES-USDT,WAVES,USDT,USDT,DeFi,0.01,0.01,10000000000,99999999,0.0001,0.0001,0.0001,0.1,True,True
357,WAVES-BTC,WAVES-BTC,WAVES,BTC,BTC,DeFi,0.01,0.000001,10000000000,99999999,0.0001,0.00000001,0.00000001,0.1,False,True
358,ORN-USDT,ORN-USDT,ORN,USDT,USDT,DeFi,0.01,0.01,10000000000,99999999,0.0001,0.0001,0.0001,0.1,True,True
359,AMPL-ETH,AMPL-ETH,AMPL,ETH,ETH,DeFi,0.01,0.00001,10000000000,99999999,0.0001,0.0000001,0.0000001,0.1,False,True
360,BNS-USDT,BNS-USDT,BNS,USDT,USDT,USDS,1,0.01,10000000000,99999999,0.0001,0.000001,0.000001,0.1,False,True
361,BNS-BTC,BNS-BTC,BNS,BTC,BTC,BTC,1,0.000001,10000000000,99999999,0.0001,0.00000001,0.00000001,0.1,False,True
362,MKR-USDT,MKR-USDT,MKR,USDT,USDT,DeFi,0.001,1,10000000000,99999999,0.0001,0.01,0.01,0.1,True,True
363,SUKU-BTC,SUKU-BTC,SUKU,BTC,BTC,DeFi,0.1,0.000001,10000000000,99999999,0.0001,0.00000001,0.00000001,0.1,False,True
364,MLK-BTC,MLK-BTC,MLK,BTC,BTC,BTC,0.1,0.000001,10000000000,99999999,0.0001,0.00000001,0.00000001,0.1,False,True
365,MLK-USDT,MLK-USDT,MLK,USDT,USDT,USDS,0.1,0.01,10000000000,99999999,0.0001,0.00001,0.00001,0.1,False,True
366,JST-USDT,JST-USDT,JST,USDT,USDT,DeFi,1,0.01,10000000000,99999999,0.0001,0.00000001,0.00000001,0.1,False,True
367,KAI-ETH,KAI-ETH,KAI,ETH,ETH,ALTS,1,0.00001,10000000000,99999999,0.0001,0.00000001,0.00000001,0.1,False,True
368,SUKU-USDT,SUKU-USDT,SUKU,USDT,USDT,DeFi,0.1,0.01,10000000000,99999999,0.0001,0.00001,0.00001,0.1,False,True
369,DIA-USDT,DIA-USDT,DIA,USDT,USDT,DeFi,0.01,0.01,10000000000,99999999,0.0001,0.0001,0.0001,0.1,False,True
370,DIA-BTC,DIA-BTC,DIA,BTC,BTC,DeFi,0.01,0.000001,10000000000,99999999,0.0001,0.00000001,0.00000001,0.1,False,True
371,LINK-BTC,LINK-BTC,LINK,BTC,BTC,DeFi,0.001,0.000001,10000000000,99999999,0.0001,0.00000001,0.00000001,0.1,False,True
372,LINK-USDT,LINK-USDT,LINK,USDT,USDT,DeFi,0.001,0.01,10000000000,99999999,0.0001,0.0001,0.0001,0.1,True,True
373,DMG-USDT,DMG-USDT,DMG,USDT,USDT,DeFi,0.01,0.01,10000000000,99999999,0.0001,0.0001,0.0001,0.1,False,True
374,DOT-USDT,DOT-USDT,DOT,USDT,USDT,Polkadot,0.01,0.01,10000000000,99999999,0.0001,0.0001,0.0001,0.1,True,True
375,DOT-BTC,DOT-BTC,DOT,BTC,BTC,Polkadot,0.01,0.000001,10000000000,99999999,0.0001,0.00000001,0.00000001,0.1,False,True
376,SHA-BTC,SHA-BTC,SHA,BTC,BTC,DeFi,2000,0.000001,10000000000,99999999,0.0001,0.0000000001,0.0000000001,0.1,False,True
377,SHA-USDT,SHA-USDT,SHA,USDT,USDT,DeFi,2000,0.1,10000000000,99999999,0.0001,0.000001,0.000001,0.1,False,True
378,EWT-USDT,EWT-USDT,EWT,USDT,USDT,USDS,0.001,0.01,10000000000,99999999,0.0001,0.001,0.001,0.1,False,True
379,USDJ-USDT,USDJ-USDT,USDJ,USDT,USDT,DeFi,0.01,0.01,10000000000,99999999,0.0001,0.00000001,0.00000001,0.1,False,True
380,EFX-BTC,EFX-BTC,EFX,BTC,BTC,BTC,0.1,0.000001,10000000000,99999999,0.0001,0.00000001,0.00000001,0.1,False,True
381,CKB-BTC,CKB-BTC,CKB,BTC,BTC,BTC,10,0.000001,10000000000,99999999,0.0001,0.0000000001,0.0000000001,0.1,False,True
382,CKB-USDT,CKB-USDT,CKB,USDT,USDT,USDS,10,0.01,10000000000,99999999,0.0001,0.000001,0.000001,0.1,False,True
383,UMA-USDT,UMA-USDT,UMA,USDT,USDT,DeFi,0.001,0.01,10000000000,99999999,0.0001,0.001,0.001,0.1,False,True
384,ALEPH-USDT,ALEPH-USDT,ALEPH,USDT,USDT,USDS,0.1,0.01,10000000000,99999999,0.0001,0.000001,0.000001,0.1,False,True
385,VELO-USDT,VELO-USDT,VELO,USDT,USDT,USDS,5,0.01,10000000000,99999999,0.0001,0.000001,0.000001,0.1,True,True
386,SUN-USDT,SUN-USDT,SUN,USDT,USDT,DeFi,0.001,0.01,10000000000,99999999,0.0001,0.000001,0.000001,0.1,False,True
387,BUY-USDT,BUY-USDT,BUY,USDT,USDT,USDS,0.01,0.01,10000000000,99999999,0.0001,0.0001,0.0001,0.1,False,True
388,YFI-USDT,YFI-USDT,YFI,USDT,USDT,DeFi,0.000001,0.01,10000000000,99999999,0.000001,0.01,0.01,0.1,True,True
389,LOKI-USDT,OXEN-USDT,OXEN,USDT,USDT,USDS,0.1,0.01,10000000000,99999999,0.0001,0.00001,0.00001,0.1,False,True
390,UNI-USDT,UNI-USDT,UNI,USDT,USDT,DeFi,0.01,0.01,10000000000,99999999,0.0001,0.0001,0.0001,0.1,True,True
391,SNTVT-BTC,SNTVT-BTC,SNTVT,BTC,BTC,BTC,10,0.000001,10000000000,99999999,0.0001,0.0000000001,0.0000000001,0.1,False,True
392,SNTVT-ETH,SNTVT-ETH,SNTVT,ETH,ETH,ALTS,10,0.00001,10000000000,99999999,0.0001,0.00000001,0.00000001,0.1,False,True
393,UOS-USDT,UOS-USDT,UOS,USDT,USDT,NFT,0.1,0.01,10000000000,99999999,0.0001,0.00001,0.00001,0.1,False,True
394,UOS-BTC,UOS-BTC,UOS,BTC,BTC,NFT,0.1,0.000001,10000000000,99999999,0.0001,0.00000001,0.00000001,0.1,False,True
395,NIM-USDT,NIM-USDT,NIM,USDT,USDT,USDS,100,0.1,10000000000,99999999,0.0001,0.0000001,0.0000001,0.1,False,True
396,DEGO-USDT,DEGO-USDT,DEGO,USDT,USDT,NFT,0.1,0.01,10000000000,99999999,0.0001,0.0001,0.0001,0.1,True,True
397,DEGO-ETH,DEGO-ETH,DEGO,ETH,ETH,NFT,0.1,0.0001,10000000000,99999999,0.0001,0.000001,0.000001,0.1,False,True
398,UDOO-ETH,UDOO-ETH,UDOO,ETH,ETH,ALTS,1,0.00001,10000000000,99999999,0.0001,0.00000001,0.00000001,0.1,False,True
399,RFUEL-USDT,RFUEL-USDT,RFUEL,USDT,USDT,DeFi,1,0.01,10000000000,99999999,0.0001,0.000001,0.000001,0.1,False,True
400,FIL-USDT,FIL-USDT,FIL,USDT,USDT,USDS,0.0001,0.01,10000000000,99999999,0.0001,0.0001,0.0001,0.1,True,True
401,UBX-ETH,UBX-ETH,UBX,ETH,ETH,ALTS,10000,0.00001,10000000000,99999999,0.0001,0.0000000001,0.0000000001,0.1,False,True
402,REAP-USDT,REAP-USDT,REAP,USDT,USDT,USDS,1,0.01,10000000000,99999999,0.0001,0.000001,0.000001,0.1,False,True
403,AAVE-USDT,AAVE-USDT,AAVE,USDT,USDT,DeFi,0.001,0.01,10000000000,99999999,0.0001,0.001,0.001,0.1,True,True
404,AAVE-BTC,AAVE-BTC,AAVE,BTC,BTC,DeFi,0.001,0.000001,10000000000,99999999,0.0001,0.000001,0.000001,0.1,False,True
405,TONE-BTC,TONE-BTC,TONE,BTC,BTC,BTC,1,0.000001,10000000000,99999999,0.0001,0.0000000001,0.0000000001,0.1,False,True
406,TONE-ETH,TONE-ETH,TONE,ETH,ETH,ALTS,1,0.00001,10000000000,99999999,0.0001,0.00000001,0.00000001,0.1,False,True
407,UQC-BTC,UQC-BTC,UQC,BTC,BTC,BTC,0.01,0.000001,10000000000,99999999,0.0001,0.00000001,0.00000001,0.1,False,True
408,UQC-ETH,UQC-ETH,UQC,ETH,ETH,ALTS,0.01,0.00001,10000000000,99999999,0.0001,0.000001,0.000001,0.1,False,True
409,OPCT-BTC,OPCT-BTC,OPCT,BTC,BTC,BTC,10,0.000001,10000000000,99999999,0.0001,0.0000000001,0.0000000001,0.1,False,True
410,OPCT-ETH,OPCT-ETH,OPCT,ETH,ETH,ALTS,10,0.00001,10000000000,99999999,0.0001,0.00000001,0.00000001,0.1,False,True
411,PRE-USDT,PRE-USDT,PRE,USDT,USDT,USDS,10,0.01,10000000000,99999999,0.0001,0.000001,0.000001,0.1,False,True
412,COMB-USDT,COMB-USDT,COMB,USDT,USDT,DeFi,1,0.01,10000000000,99999999,0.0001,0.000001,0.000001,0.1,False,True
413,SHR-BTC,SHR-BTC,SHR,BTC,BTC,BTC,1,0.000001,10000000000,99999999,0.0001,0.00000001,0.00000001,0.1,False,True
414,SHR-USDT,SHR-USDT,SHR,USDT,USDT,USDS,1,0.01,10000000000,99999999,0.0001,0.000001,0.000001,0.1,False,True
415,WIS-BTC,WIS-BTC,WIS,BTC,BTC,BTC,10,0.00001,10000000000,99999999,0.0001,0.00000001,0.00000001,0.1,False,True
416,VIDT-USDT,VIDT-USDT,VIDT,USDT,USDT,NFT,0.1,0.01,10000000000,99999999,0.0001,0.0001,0.0001,0.1,False,True
417,UBXT-USDT,UBXT-USDT,UBXT,USDT,USDT,USDS,10,0.01,10000000000,99999999,0.0001,0.000001,0.000001,0.1,False,True
418,BCHA-USDT,BCHA-USDT,BCHA,USDT,USDT,USDS,0.001,0.01,10000000000,99999999,0.0001,0.001,0.001,0.1,False,True
419,ROSE-USDT,ROSE-USDT,ROSE,USDT,USDT,USDS,0.1,0.01,10000000000,99999999,0.0001,0.00001,0.00001,0.1,True,True
420,BTC-UST,BTC-UST,BTC,UST,UST,USDS,0.00001,0.01,1000000000,9999999,0.00000001,0.000001,0.1,0.1,False,True
421,ETH-UST,ETH-UST,ETH,UST,UST,USDS,0.0001,0.01,1000000000,99999999,0.0000001,0.000001,0.01,0.1,False,True
422,USDT-UST,USDT-UST,USDT,UST,UST,USDS,0.01,0.001,1000000000,99999999,0.0001,0.0001,0.0001,0.1,False,True
423,LUNA-UST,LUNA-UST,LUNA,UST,UST,DeFi,0.01,0.001,1000000000,99999999,0.0001,0.0001,0.0001,0.1,False,True
424,USDC-USDT,USDC-USDT,USDC,USDT,USDT,USDS,0.1,0.01,10000000000,99999999,0.0001,0.00001,0.00001,0.1,True,True
425,CTI-USDT,CTI-USDT,CTI,USDT,USDT,USDS,0.1,0.01,10000000000,99999999,0.0001,0.00001,0.00001,0.1,False,True
426,CTI-ETH,CTI-ETH,CTI,ETH,ETH,ALTS,0.1,0.00001,10000000000,99999999,0.0001,0.00000001,0.00000001,0.1,False,True
427,ETH2-ETH,ETH2-ETH,ETH2,ETH,ETH,ALTS,0.01,0.001,10000000000,99999999,0.0001,0.0001,0.0001,0.1,False,True
428,BUX-BTC,BUX-BTC,BUX,BTC,BTC,BTC,1,0.000001,10000000000,99999999,0.0001,0.00000001,0.00000001,0.1,False,True
429,XHV-USDT,XHV-USDT,XHV,USDT,USDT,USDS,0.01,0.01,10000000000,99999999,0.0001,0.001,0.001,0.1,False,True
430,PLU-USDT,PLU-USDT,PLU,USDT,USDT,DeFi,0.01,0.01,10000000000,99999999,0.0001,0.001,0.001,0.1,False,True
431,GRT-USDT,GRT-USDT,GRT,USDT,USDT,USDS,0.1,0.1,10000000000,99999999,0.0001,0.00001,0.00001,0.1,True,True
432,CAS-BTC,CAS-BTC,CAS,BTC,BTC,BTC,50,0.0000001,10000000000,99999999,0.0001,0.000000001,0.000000001,0.1,False,True
433,CAS-USDT,CAS-USDT,CAS,USDT,USDT,USDS,50,0.01,10000000000,99999999,0.0001,0.00001,0.00001,0.1,False,True
434,MSWAP-BTC,MSWAP-BTC,MSWAP,BTC,BTC,BTC,1,0.000001,10000000000,99999999,0.0001,0.00000001,0.00000001,0.1,False,True
435,MSWAP-USDT,MSWAP-USDT,MSWAP,USDT,USDT,USDS,1,0.01,10000000000,99999999,0.0001,0.00001,0.00001,0.1,False,True
436,GOM2-BTC,GOM2-BTC,GOM2,BTC,BTC,BTC,10,0.000001,10000000000,99999999,0.0001,0.00000001,0.00000001,0.1,False,True
437,GOM2-USDT,GOM2-USDT,GOM2,USDT,USDT,USDS,10,0.01,10000000000,99999999,0.0001,0.00001,0.00001,0.1,False,True
438,REVV-BTC,REVV-BTC,REVV,BTC,BTC,NFT,1,0.000001,10000000000,99999999,0.0001,0.00000001,0.00000001,0.1,False,True
439,REVV-USDT,REVV-USDT,REVV,USDT,USDT,NFT,1,0.01,10000000000,99999999,0.0001,0.000001,0.000001,0.1,False,True
440,LON-USDT,LON-USDT,LON,USDT,USDT,USDS,0.01,0.01,10000000000,99999999,0.0001,0.001,0.001,0.1,False,True
441,1INCH-USDT,1INCH-USDT,1INCH,USDT,USDT,USDS,0.01,0.01,10000000000,99999999,0.0001,0.001,0.001,0.1,True,True
442,LOC-USDT,LOC-USDT,LOC,USDT,USDT,USDS,0.1,0.01,10000000000,99999999,0.0001,0.00001,0.00001,0.1,False,True
443,API3-USDT,API3-USDT,API3,USDT,USDT,DeFi,0.01,0.01,10000000000,99999999,0.0001,0.001,0.001,0.1,True,True
444,UNFI-USDT,UNFI-USDT,UNFI,USDT,USDT,DeFi,0.01,0.01,10000000000,99999999,0.0001,0.001,0.001,0.1,False,True
445,HTR-USDT,HTR-USDT,HTR,USDT,USDT,USDS,0.01,0.01,10000000000,99999999,0.0001,0.0001,0.0001,0.1,False,True
446,FRONT-USDT,FRONT-USDT,FRONT,USDT,USDT,DeFi,0.1,0.01,10000000000,99999999,0.0001,0.0001,0.0001,0.1,False,True
447,FRONT-BTC,FRONT-BTC,FRONT,BTC,BTC,DeFi,0.1,0.000001,10000000000,99999999,0.0001,0.00000001,0.00000001,0.1,False,True
448,WBTC-BTC,WBTC-BTC,WBTC,BTC,BTC,BTC,0.0001,0.0001,10000000000,99999999,0.0001,0.00001,0.00001,0.1,False,True
449,WBTC-ETH,WBTC-ETH,WBTC,ETH,ETH,ALTS,0.0001,0.001,10000000000,99999999,0.0001,0.0001,0.0001,0.1,False,True
450,DOT-UST,DOT-UST,DOT,UST,UST,USDS,0.01,0.01,10000000000,99999999,0.0001,0.0001,0.0001,0.1,False,True
451,ATOM-UST,ATOM-UST,ATOM,UST,UST,USDS,0.01,0.001,10000000000,99999999,0.0001,0.0001,0.0001,0.1,False,True
452,AAVE-UST,AAVE-UST,AAVE,UST,UST,USDS,0.001,0.01,10000000000,99999999,0.0001,0.001,0.001,0.1,False,True
453,YFI-UST,YFI-UST,YFI,UST,UST,USDS,0.000001,0.01,10000000000,99999999,0.000001,0.01,0.01,0.1,False,True
454,SNX-UST,SNX-UST,SNX,UST,UST,USDS,0.01,0.01,10000000000,99999999,0.0001,0.000001,0.000001,0.1,False,True
455,USDC-UST,USDC-UST,USDC,UST,UST,USDS,0.01,0.01,10000000000,99999999,0.0001,0.0001,0.0001,0.1,False,True
456,MIR-USDT,MIR-USDT,MIR,USDT,USDT,DeFi,0.1,0.1,10000000000,99999999,0.0001,0.001,0.001,0.1,True,True
457,MIR-UST,MIR-UST,MIR,UST,UST,DeFi,0.1,0.1,10000000000,99999999,0.0001,0.001,0.001,0.1,False,True
458,LTC-USDC,LTC-USDC,LTC,USDC,USDC,USDS,0.0001,0.01,10000000000,99999999,0.0001,0.01,0.01,0.1,False,True
459,BCH-USDC,BCH-USDC,BCH,USDC,USDC,USDS,0.0001,0.01,10000000000,99999999,0.0001,0.01,0.01,0.1,False,True
460,HYDRA-USDT,HYDRA-USDT,HYDRA,USDT,USDT,USDS,0.01,0.01,10000000000,99999999,0.0001,0.001,0.001,0.1,False,True
461,DFI-USDT,DFI-USDT,DFI,USDT,USDT,DeFi,0.01,0.01,10000000000,99999999,0.0001,0.001,0.001,0.1,False,True
462,DFI-BTC,DFI-BTC,DFI,BTC,BTC,DeFi,0.01,0.000001,10000000000,99999999,0.0001,0.00000001,0.00000001,0.1,False,True
463,CRV-USDT,CRV-USDT,CRV,USDT,USDT,DeFi,0.01,0.01,10000000000,99999999,0.0001,0.001,0.001,0.1,True,True
464,SUSHI-USDT,SUSHI-USDT,SUSHI,USDT,USDT,DeFi,0.01,0.01,10000000000,99999999,0.0001,0.001,0.001,0.1,True,True
465,FRM-USDT,FRM-USDT,FRM,USDT,USDT,USDS,25,5,10000000000,99999999,0.0001,0.0001,0.0001,0.1,False,True
466,EOS-USDC,EOS-USDC,EOS,USDC,USDC,USDS,0.01,0.01,10000000000,99999999,0.0001,0.0001,0.0001,0.1,False,True
467,BCHSV-USDC,BSV-USDC,BSV,USDC,USDC,USDS,0.0001,0.01,10000000000,99999999,0.0001,0.01,0.01,0.1,False,True
468,PROPS-USDT,PROPS-USDT,PROPS,USDT,USDT,USDS,1,0.01,10000000000,99999999,0.0001,0.00001,0.00001,0.1,False,True
469,ZEN-USDT,ZEN-USDT,ZEN,USDT,USDT,USDS,0.01,0.01,10000000000,99999999,0.0001,0.001,0.001,0.1,False,True
470,PROPS-BTC,PROPS-BTC,PROPS,BTC,BTC,BTC,1,0.000001,10000000000,99999999,0.0001,0.00000001,0.00000001,0.1,False,True
471,CUDOS-USDT,CUDOS-USDT,CUDOS,USDT,USDT,USDS,10,0.1,10000000000,99999999,0.0001,0.00001,0.00001,0.1,False,True
472,ADA-USDC,ADA-USDC,ADA,USDC,USDC,USDS,1,0.01,10000000000,99999999,0.0001,0.000001,0.000001,0.1,False,True
473,REN-USDT,REN-USDT,REN,USDT,USDT,DeFi,0.1,0.01,10000000000,99999999,0.0001,0.0001,0.0001,0.1,False,True
474,LRC-USDT,LRC-USDT,LRC,USDT,USDT,USDS,0.1,0.01,10000000000,99999999,0.0001,0.0001,0.0001,0.1,True,True
475,LINK-USDC,LINK-USDC,LINK,USDC,USDC,DeFi,0.001,0.01,10000000000,99999999,0.0001,0.0001,0.0001,0.1,False,True
476,KLV-USDT,KLV-USDT,KLV,USDT,USDT,USDS,10,0.01,10000000000,99999999,0.0001,0.00001,0.00001,0.1,False,True
477,KLV-BTC,KLV-BTC,KLV,BTC,BTC,BTC,10,0.000001,10000000000,99999999,0.0001,0.000000001,0.000000001,0.1,False,True
478,BOA-USDT,BOA-USDT,BOA,USDT,USDT,USDS,1,0.1,10000000000,99999999,0.0001,0.00001,0.00001,0.1,False,True
479,THETA-USDT,THETA-USDT,THETA,USDT,USDT,NFT,0.1,0.1,10000000000,99999999,0.0001,0.0001,0.0001,0.1,True,True
480,QNT-USDT,QNT-USDT,QNT,USDT,USDT,USDS,0.001,0.001,10000000000,99999999,0.0001,0.001,0.001,0.1,False,True
481,BAT-USDT,BAT-USDT,BAT,USDT,USDT,USDS,0.01,1,10000000000,99999999,0.0001,0.0001,0.0001,0.1,True,True
482,DOGE-USDT,DOGE-USDT,DOGE,USDT,USDT,USDS,1,0.1,10000000000,99999999,0.0001,0.00001,0.00001,0.1,True,True
483,DOGE-USDC,DOGE-USDC,DOGE,USDC,USDC,USDS,1,0.1,10000000000,99999999,0.0001,0.00001,0.00001,0.1,False,True
484,DAO-USDT,DAO-USDT,DAO,USDT,USDT,USDS,0.1,0.1,10000000000,99999999,0.0001,0.00001,0.00001,0.1,True,True
485,STRONG-USDT,STRONG-USDT,STRONG,USDT,USDT,USDS,0.01,0.01,10000000000,99999999,0.0001,0.001,0.001,0.1,False,True
486,TRIAS-USDT,TRIAS-USDT,TRIAS,USDT,USDT,USDS,0.1,0.01,10000000000,99999999,0.0001,0.00001,0.00001,0.1,False,True
487,TRIAS-BTC,TRIAS-BTC,TRIAS,BTC,BTC,BTC,0.1,0.000001,10000000000,99999999,0.0001,0.00000001,0.00000001,0.1,False,True
488,DOGE-BTC,DOGE-BTC,DOGE,BTC,BTC,BTC,10,0.00001,10000000000,99999999,0.0001,0.00000001,0.00000001,0.1,False,True
489,MITX-BTC,MITX-BTC,MITX,BTC,BTC,BTC,1,0.000001,10000000000,99999999,0.0001,0.00000001,0.000000001,0.1,False,True
490,MITX-USDT,MITX-USDT,MITX,USDT,USDT,USDS,1,0.01,10000000000,99999999,0.0001,0.0001,0.0001,0.1,False,True
491,CAKE-USDT,CAKE-USDT,CAKE,USDT,USDT,USDS,0.01,0.1,10000000000,99999999,0.0001,0.001,0.001,0.1,True,True
492,ORAI-USDT,ORAI-USDT,ORAI,USDT,USDT,USDS,0.01,0.1,10000000000,99999999,0.0001,0.001,0.001,0.1,False,True
493,BRG-USDT,BRG-USDT,BRG,USDT,USDT,USDS,1,0.1,10000000000,99999999,0.0001,0.000001,0.000001,0.1,False,True
494,BRG-BTC,BRG-BTC,BRG,BTC,BTC,BTC,0.1,0.000001,10000000000,99999999,0.0001,0.00000001,0.00000001,0.1,False,True
495,ZEE-USDT,ZEE-USDT,ZEE,USDT,USDT,USDS,1,0.1,10000000000,99999999,0.0001,0.0001,0.0001,0.1,False,True
496,LTX-USDT,LTX-USDT,LTX,USDT,USDT,DeFi,1,0.1,10000000000,99999999,0.0001,0.0001,0.0001,0.1,False,True
497,LTX-BTC,LTX-BTC,LTX,BTC,BTC,DeFi,0.1,0.000001,10000000000,99999999,0.0001,0.00000001,0.00000001,0.1,False,True
498,MASK-USDT,MASK-USDT,MASK,USDT,USDT,USDS,0.1,0.01,10000000000,99999999,0.0001,0.0001,0.0001,0.1,True,True
499,KLV-TRX,KLV-TRX,KLV,TRX,TRX,ALTS,1,0.01,10000000000,99999999,0.0001,0.00001,0.00001,0.1,False,True
500,IDEA-USDT,IDEA-USDT,IDEA,USDT,USDT,USDS,1,0.1,10000000000,99999999,0.0001,0.0001,0.0001,0.1,False,True
501,PHA-USDT,PHA-USDT,PHA,USDT,USDT,Polkadot,1,0.1,10000000000,99999999,0.0001,0.0001,0.0001,0.1,False,True
502,PHA-ETH,PHA-ETH,PHA,ETH,ETH,Polkadot,0.1,0.00001,10000000000,99999999,0.0001,0.0000001,0.0000001,0.1,False,True
503,BCH-KCS,BCH-KCS,BCH,KCS,KCS,KCS,0.001,0.01,10000000000,99999999,0.0001,0.001,0.001,0.1,False,True
504,SRK-USDT,SRK-USDT,SRK,USDT,USDT,USDS,10,0.1,10000000000,99999999,0.0001,0.00001,0.00001,0.1,False,True
505,SRK-BTC,SRK-BTC,SRK,BTC,BTC,BTC,10,0.000001,10000000000,99999999,0.0001,0.0000000001,0.0000000001,0.1,False,True
506,PIVX-USDT,PIVX-USDT,PIVX,USDT,USDT,USDS,0.01,0.01,10000000000,99999999,0.0001,0.0001,0.0001,0.1,False,True
507,LUNA-KCS,LUNA-KCS,LUNA,KCS,KCS,KCS,0.01,0.01,10000000000,99999999,0.0001,0.0001,0.0001,0.1,False,True
508,ADA-KCS,ADA-KCS,ADA,KCS,KCS,KCS,0.01,0.01,10000000000,99999999,0.0001,0.0001,0.0001,0.1,False,True
509,HTR-BTC,HTR-BTC,HTR,BTC,BTC,BTC,0.1,0.000001,10000000000,99999999,0.0001,0.00000001,0.00000001,0.1,False,True
510,BCHSV-KCS,BSV-KCS,BSV,KCS,KCS,KCS,0.01,0.01,10000000000,99999999,0.0001,0.001,0.001,0.1,False,True
511,DOT-KCS,DOT-KCS,DOT,KCS,KCS,KCS,0.01,0.1,10000000000,99999999,0.0001,0.0001,0.0001,0.1,False,True
512,LINK-KCS,LINK-KCS,LINK,KCS,KCS,KCS,0.01,0.1,10000000000,99999999,0.0001,0.0001,0.0001,0.1,False,True
513,MIR-KCS,MIR-KCS,MIR,KCS,KCS,KCS,0.01,0.1,10000000000,99999999,0.0001,0.0001,0.0001,0.1,False,True
514,BNB-KCS,BNB-KCS,BNB,KCS,KCS,KCS,0.01,0.01,10000000000,99999999,0.0001,0.0001,0.0001,0.1,False,True
515,XLM-KCS,XLM-KCS,XLM,KCS,KCS,KCS,0.1,0.01,10000000000,99999999,0.0001,0.00001,0.00001,0.1,False,True
516,VET-KCS,VET-KCS,VET,KCS,KCS,KCS,1,0.01,10000000000,99999999,0.0001,0.000001,0.000001,0.1,False,True
517,SWINGBY-USDT,SWINGBY-USDT,SWINGBY,USDT,USDT,USDS,0.1,0.01,10000000000,99999999,0.0001,0.0001,0.0001,0.1,False,True
518,SWINGBY-BTC,SWINGBY-BTC,SWINGBY,BTC,BTC,BTC,0.1,0.000001,10000000000,99999999,0.0001,0.00000001,0.00000001,0.1,False,True
519,XHV-BTC,XHV-BTC,XHV,BTC,BTC,BTC,0.01,0.000001,10000000000,99999999,0.0001,0.0000001,0.0000001,0.1,False,True
520,DASH-KCS,DASH-KCS,DASH,KCS,KCS,KCS,0.01,0.01,10000000000,99999999,0.0001,0.0001,0.0001,0.1,False,True
521,UNI-KCS,UNI-KCS,UNI,KCS,KCS,KCS,0.01,0.01,10000000000,99999999,0.0001,0.0001,0.0001,0.1,False,True
522,AAVE-KCS,AAVE-KCS,AAVE,KCS,KCS,KCS,0.01,0.01,10000000000,99999999,0.0001,0.0001,0.0001,0.1,False,True
523,DOGE-KCS,DOGE-KCS,DOGE,KCS,KCS,KCS,1,0.01,10000000000,99999999,0.0001,0.000001,0.000001,0.1,False,True
524,ZEC-KCS,ZEC-KCS,ZEC,KCS,KCS,KCS,0.01,0.01,10000000000,99999999,0.0001,0.0001,0.0001,0.1,False,True
525,XTZ-KCS,XTZ-KCS,XTZ,KCS,KCS,KCS,1,0.01,10000000000,99999999,0.0001,0.00001,0.00001,0.1,False,True
526,GRT-KCS,GRT-KCS,GRT,KCS,KCS,KCS,1,0.01,10000000000,99999999,0.0001,0.00001,0.00001,0.1,False,True
527,NANO-KCS,NANO-KCS,NANO,KCS,KCS,KCS,0.1,0.1,10000000000,99999999,0.0001,0.00001,0.00001,0.1,False,True
528,ALGO-KCS,ALGO-KCS,ALGO,KCS,KCS,KCS,1,0.01,10000000000,99999999,0.0001,0.00001,0.00001,0.1,False,True
529,EWT-KCS,EWT-KCS,EWT,KCS,KCS,KCS,0.1,0.1,10000000000,99999999,0.0001,0.0001,0.0001,0.1,False,True
530,GAS-USDT,GAS-USDT,GAS,USDT,USDT,USDS,0.1,0.1,10000000000,99999999,0.0001,0.0001,0.0001,0.1,False,True
531,AVAX-USDT,AVAX-USDT,AVAX,USDT,USDT,USDS,0.01,0.1,10000000000,99999999,0.0001,0.001,0.001,0.1,True,True
532,AVAX-BTC,AVAX-BTC,AVAX,BTC,BTC,BTC,0.01,0.000001,10000000000,99999999,0.0001,0.00000001,0.00000001,0.1,False,True
533,KRL-BTC,KRL-BTC,KRL,BTC,BTC,BTC,10,0.00001,10000000000,99999999,0.0001,0.00000001,0.00000001,0.1,False,True
534,KRL-USDT,KRL-USDT,KRL,USDT,USDT,USDS,10,1,10000000000,99999999,0.0001,0.00001,0.00001,0.1,False,True
535,POLK-USDT,POLK-USDT,POLK,USDT,USDT,Polkadot,0.1,0.1,10000000000,99999999,0.0001,0.0001,0.0001,0.1,False,True
536,POLK-BTC,POLK-BTC,POLK,BTC,BTC,Polkadot,0.1,0.000001,10000000000,99999999,0.0001,0.00000001,0.00000001,0.1,False,True
537,ENJ-USDT,ENJ-USDT,ENJ,USDT,USDT,NFT,0.1,0.01,10000000000,99999999,0.0001,0.0001,0.0001,0.1,True,True
538,MANA-USDT,MANA-USDT,MANA,USDT,USDT,NFT,1,0.1,10000000000,99999999,0.0001,0.00001,0.00001,0.1,True,True
539,RNDR-USDT,RNDR-USDT,RNDR,USDT,USDT,NFT,0.5,0.1,10000000000,99999999,0.0001,0.0001,0.0001,0.1,False,True
540,RNDR-BTC,RNDR-BTC,RNDR,BTC,BTC,NFT,0.5,0.00001,10000000000,99999999,0.0001,0.00000001,0.00000001,0.1,False,True
541,RLY-USDT,RLY-USDT,RLY,USDT,USDT,NFT,0.1,0.01,100000000,99999999,0.0001,0.0001,0.0001,0.1,False,True
542,ANC-USDT,ANC-USDT,ANC,USDT,USDT,USDS,0.1,0.1,10000000000,99999999,0.0001,0.0001,0.0001,0.1,False,True
543,ANC-UST,ANC-UST,ANC,UST,UST,USDS,0.1,0.1,10000000000,99999999,0.0001,0.0001,0.0001,0.1,False,True
544,SKEY-USDT,SKEY-USDT,SKEY,USDT,USDT,USDS,1,0.1,10000000000,99999999,0.0001,0.0001,0.0001,0.1,False,True
545,LAYER-USDT,LAYER-USDT,LAYER,USDT,USDT,DeFi,0.1,0.01,10000000000,99999999,0.0001,0.0001,0.0001,0.1,False,True
546,TARA-USDT,TARA-USDT,TARA,USDT,USDT,USDS,10,0.1,10000000000,99999999,0.0001,0.00001,0.00001,0.1,False,True
547,TARA-ETH,TARA-ETH,TARA,ETH,ETH,ALTS,10,0.0001,10000000000,99999999,0.0001,0.00000001,0.00000001,0.1,False,True
548,IOST-USDT,IOST-USDT,IOST,USDT,USDT,USDS,1,0.01,10000000000,99999999,0.0001,0.00001,0.00001,0.1,True,True
549,DYP-USDT,DYP-USDT,DYP,USDT,USDT,DeFi,0.1,0.01,10000000000,99999999,0.0001,0.0001,0.0001,0.1,False,True
550,DYP-ETH,DYP-ETH,DYP,ETH,ETH,DeFi,0.1,0.00001,10000000000,99999999,0.0001,0.000001,0.000001,0.1,False,True
551,XYM-USDT,XYM-USDT,XYM,USDT,USDT,USDS,1,0.1,10000000000,99999999,0.0001,0.0001,0.0001,0.1,False,True
552,XYM-BTC,XYM-BTC,XYM,BTC,BTC,BTC,1,0.00001,10000000000,99999999,0.0001,0.00000001,0.00000001,0.1,False,True
553,PCX-USDT,PCX-USDT,PCX,USDT,USDT,Polkadot,0.01,0.1,10000000000,99999999,0.0001,0.001,0.001,0.1,False,True
554,PCX-BTC,PCX-BTC,PCX,BTC,BTC,Polkadot,0.01,0.000001,10000000000,99999999,0.0001,0.0000001,0.0000001,0.1,False,True
555,BTMX-USDT,BTMX-USDT,BTMX,USDT,USDT,USDS,0.1,0.01,10000000000,99999999,0.0001,0.0001,0.0001,0.1,False,True
556,ORBS-USDT,ORBS-USDT,ORBS,USDT,USDT,USDS,1,0.1,10000000000,99999999,0.0001,0.0001,0.0001,0.1,False,True
557,ORBS-BTC,ORBS-BTC,ORBS,BTC,BTC,BTC,1,0.000001,10000000000,99999999,0.0001,0.000000001,0.000000001,0.1,False,True
558,BTC3L-USDT,BTC3L-USDT,BTC3L,USDT,USDT,ETF,0.01,0.01,10000000000,50000,0.0001,0.0001,0.0001,0.1,False,True
559,BTC3S-USDT,BTC3S-USDT,BTC3S,USDT,USDT,ETF,0.01,0.01,10000000000,50000,0.0001,0.0001,0.0001,0.1,False,True
560,ETH3L-USDT,ETH3L-USDT,ETH3L,USDT,USDT,ETF,0.01,0.01,10000000000,50000,0.0001,0.0001,0.0001,0.1,False,True
561,ETH3S-USDT,ETH3S-USDT,ETH3S,USDT,USDT,ETF,0.01,0.01,10000000000,50000,0.0001,0.0001,0.0001,0.1,False,True
562,ANKR-USDT,ANKR-USDT,ANKR,USDT,USDT,USDS,1,0.1,10000000000,99999999,0.0001,0.0001,0.0001,0.1,True,True
563,DSLA-USDT,DSLA-USDT,DSLA,USDT,USDT,USDS,10,0.1,10000000000,99999999,0.0001,0.00001,0.00001,0.1,False,True
564,DSLA-BTC,DSLA-BTC,DSLA,BTC,BTC,BTC,10,0.000001,10000000000,99999999,0.0001,0.0000000001,0.0000000001,0.1,False,True
565,SPI-USDT,SPI-USDT,SPI,USDT,USDT,USDS,0.01,1,10000000000,99999999,0.0001,0.001,0.001,0.1,False,True
566,GSPI-USDT,GSPI-USDT,GSPI,USDT,USDT,USDS,0.1,1,10000000000,99999999,0.0001,0.001,0.001,0.1,False,True
567,SAND-USDT,SAND-USDT,SAND,USDT,USDT,NFT,1,0.1,10000000000,99999999,0.0001,0.00001,0.00001,0.1,True,True
568,VAI-USDT,VAI-USDT,VAI,USDT,USDT,USDS,0.1,0.01,10000000000,99999999,0.0001,0.0001,0.0001,0.1,False,True
569,XCUR-USDT,XCUR-USDT,XCUR,USDT,USDT,USDS,0.1,0.1,10000000000,99999999,0.0001,0.001,0.001,0.1,False,True
570,XCUR-BTC,XCUR-BTC,XCUR,BTC,BTC,BTC,0.01,0.000001,10000000000,99999999,0.0001,0.0000001,0.0000001,0.1,False,True
571,FLUX-USDT,FLUX-USDT,FLUX,USDT,USDT,USDS,1,0.1,10000000000,99999999,0.0001,0.000001,0.000001,0.1,False,True
572,OMG-USDT,OMG-USDT,OMG,USDT,USDT,USDS,0.1,0.1,10000000000,99999999,0.0001,0.001,0.001,0.1,True,True
573,ZIL-USDT,ZIL-USDT,ZIL,USDT,USDT,USDS,1,0.1,10000000000,99999999,0.0001,0.0001,0.0001,0.1,True,True
574,DODO-USDT,DODO-USDT,DODO,USDT,USDT,USDS,0.1,0.1,10000000000,99999999,0.0001,0.0001,0.0001,0.1,True,True
575,CBC-USDT,CBC-USDT,CBC,USDT,USDT,USDS,1,0.01,10000000000,99999999,0.0001,0.000001,0.000001,0.1,False,True
576,MAN-USDT,MAN-USDT,MAN,USDT,USDT,USDS,1,0.01,10000000000,99999999,0.0001,0.000001,0.000001,0.1,False,True
577,BAX-USDT,BAX-USDT,BAX,USDT,USDT,USDS,1000,0.1,10000000000,99999999,0.0001,0.0000001,0.0000001,0.1,False,True
578,BOSON-USDT,BOSON-USDT,BOSON,USDT,USDT,USDS,0.1,0.1,10000000000,99999999,0.0001,0.0001,0.0001,0.1,False,True
579,BOSON-ETH,BOSON-ETH,BOSON,ETH,ETH,ALTS,0.1,0.00001,10000000000,99999999,0.0001,0.0000001,0.0000001,0.1,False,True
580,PUNDIX-USDT,PUNDIX-USDT,PUNDIX,USDT,USDT,USDS,0.1,0.1,10000000000,99999999,0.0001,0.0001,0.0001,0.1,False,True
581,PUNDIX-BTC,PUNDIX-BTC,PUNDIX,BTC,BTC,BTC,0.1,0.000001,10000000000,99999999,0.0001,0.00000001,0.00000001,0.1,False,True
582,WAX-USDT,WAXP-USDT,WAXP,USDT,USDT,USDS,1,0.1,10000000000,99999999,0.0001,0.0001,0.0001,0.1,False,True
583,HT-USDT,HT-USDT,HT,USDT,USDT,USDS,0.1,1,10000000000,99999999,0.0001,0.0001,0.0001,0.1,False,True
584,PDEX-USDT,PDEX-USDT,PDEX,USDT,USDT,USDS,0.1,0.1,10000000000,99999999,0.0001,0.0001,0.0001,0.1,False,True
585,LABS-USDT,LABS-USDT,LABS,USDT,USDT,USDS,10,0.1,10000000000,99999999,0.0001,0.00001,0.00001,0.1,False,True
586,LABS-ETH,LABS-ETH,LABS,ETH,ETH,ALTS,1,0.00001,10000000000,99999999,0.0001,0.00000001,0.00000001,0.1,False,True
587,GMB-USDT,GMB-USDT,GMB,USDT,USDT,USDS,100,0.1,10000000000,99999999,0.0001,0.000001,0.000001,0.1,False,True
588,PHNX-USDT,PHNX-USDT,PHNX,USDT,USDT,USDS,1,0.1,10000000000,99999999,0.0001,0.0001,0.0001,0.1,False,True
589,PHNX-BTC,PHNX-BTC,PHNX,BTC,BTC,BTC,1,0.000001,10000000000,99999999,0.0001,0.00000001,0.00000001,0.1,False,True
590,HAI-USDT,HAI-USDT,HAI,USDT,USDT,USDS,1,0.1,10000000000,99999999,0.0001,0.0001,0.0001,0.1,False,True
591,EQZ-USDT,EQZ-USDT,EQZ,USDT,USDT,USDS,0.1,0.1,10000000000,99999999,0.0001,0.0001,0.0001,0.1,False,True
592,EQZ-BTC,EQZ-BTC,EQZ,BTC,BTC,BTC,0.1,0.000001,10000000000,99999999,0.0001,0.00000001,0.00000001,0.1,False,True
593,FORTH-USDT,FORTH-USDT,FORTH,USDT,USDT,USDS,0.01,0.1,10000000000,99999999,0.0001,0.0001,0.0001,0.1,False,True
594,CARR-USDT,CARR-USDT,CARR,USDT,USDT,USDS,1,0.01,10000000000,99999999,0.0001,0.00001,0.00001,0.1,False,True
595,CARR-BTC,CARR-BTC,CARR,BTC,BTC,BTC,1,0.0000001,10000000000,99999999,0.0001,0.000000001,0.000000001,0.1,False,True
596,HORD-USDT,HORD-USDT,HORD,USDT,USDT,USDS,10,0.1,10000000000,99999999,0.0001,0.00001,0.00001,0.1,False,True
597,CGG-USDT,CGG-USDT,CGG,USDT,USDT,NFT,0.1,0.1,10000000000,99999999,0.0001,0.0001,0.0001,0.1,False,True
598,UBX-USDT,UBX-USDT,UBX,USDT,USDT,USDS,100,0.1,10000000000,99999999,0.0001,0.000001,0.000001,0.1,False,True
599,GHX-USDT,GHX-USDT,GHX,USDT,USDT,USDS,0.1,0.01,10000000000,99999999,0.0001,0.0001,0.0001,0.1,False,True
600,TCP-USDT,TCP-USDT,TCP,USDT,USDT,USDS,1,0.01,10000000000,99999999,0.0001,0.0001,0.0001,0.1,False,True
601,STND-USDT,STND-USDT,STND,USDT,USDT,USDS,0.1,0.01,10000000000,99999999,0.0001,0.0001,0.0001,0.1,False,True
602,STND-ETH,STND-ETH,STND,ETH,ETH,ALTS,0.1,0.00001,10000000000,99999999,0.0001,0.0000001,0.0000001,0.1,False,True
603,TOWER-USDT,TOWER-USDT,TOWER,USDT,USDT,NFT,1,0.01,10000000000,99999999,0.0001,0.00001,0.00001,0.1,False,True
604,TOWER-BTC,TOWER-BTC,TOWER,BTC,BTC,NFT,1,0.0000001,10000000000,99999999,0.0001,0.000000001,0.000000001,0.1,False,True
605,ACE-USDT,ACE-USDT,ACE,USDT,USDT,USDS,1,0.01,10000000000,99999999,0.0001,0.0001,0.0001,0.1,False,True
606,LOCG-USDT,LOCG-USDT,LOCG,USDT,USDT,NFT,1,0.01,10000000000,99999999,0.0001,0.00001,0.00001,0.1,False,True
607,CARD-USDT,CARD-USDT,CARD,USDT,USDT,USDS,10,0.1,10000000000,99999999,0.0001,0.00001,0.00001,0.1,False,True
608,FLY-USDT,FLY-USDT,FLy,USDT,USDT,USDS,1,0.1,10000000000,99999999,0.0001,0.0001,0.0001,0.1,False,True
609,CWS-USDT,CWS-USDT,CWS,USDT,USDT,NFT,0.01,0.1,10000000000,99999999,0.0001,0.001,0.001,0.1,False,True
610,XDC-USDT,XDC-USDT,XDC,USDT,USDT,DeFi,1,0.01,10000000000,99999999,0.0001,0.0001,0.0001,0.1,False,True
611,XDC-ETH,XDC-ETH,XDC,ETH,ETH,DeFi,1,0.000001,10000000000,99999999,0.0001,0.00000001,0.00000001,0.1,False,True
612,STRK-BTC,STRK-BTC,STRK,BTC,BTC,BTC,0.01,0.000001,10000000000,99999999,0.0001,0.00000001,0.00000001,0.1,False,True
613,STRK-ETH,STRK-ETH,STRK,ETH,ETH,ALTS,0.01,0.00001,10000000000,99999999,0.0001,0.000001,0.000001,0.1,False,True
614,SHIB-USDT,SHIB-USDT,SHIB,USDT,USDT,USDS,1000,0.005,10000000000,99999999,0.0001,0.00000001,0.00000001,0.1,True,True
615,POLX-USDT,POLX-USDT,POLX,USDT,USDT,USDS,1000,0.01,10000000000,99999999,0.0001,0.00000001,0.00000001,0.1,False,True
616,KDA-USDT,KDA-USDT,KDA,USDT,USDT,USDS,0.1,0.05,10000000000,99999999,0.0001,0.0001,0.0001,0.1,False,True
617,KDA-BTC,KDA-BTC,KDA,BTC,BTC,BTC,0.1,0.000001,10000000000,99999999,0.0001,0.00000001,0.00000001,0.1,False,True
618,ICP-USDT,ICP-USDT,ICP,USDT,USDT,USDS,0.001,0.1,10000000000,99999999,0.0001,0.01,0.01,0.1,True,True
619,ICP-BTC,ICP-BTC,ICP,BTC,BTC,BTC,0.001,0.000001,10000000000,99999999,0.0001,0.000001,0.000001,0.1,False,True
620,STC-USDT,STC-USDT,STC,USDT,USDT,USDS,1,0.01,10000000000,99999999,0.0001,0.00001,0.00001,0.1,False,True
621,STC-BTC,STC-BTC,STC,BTC,BTC,BTC,10,0.000001,10000000000,99999999,0.0001,0.0000000001,0.0000000001,0.1,False,True
622,GOVI-USDT,GOVI-USDT,GOVI,USDT,USDT,USDS,0.1,0.1,10000000000,99999999,0.0001,0.0001,0.0001,0.1,False,True
623,GOVI-BTC,GOVI-BTC,GOVI,BTC,BTC,BTC,0.1,0.000001,10000000000,99999999,0.0001,0.00000001,0.00000001,0.1,False,True
624,FKX-USDT,FKX-USDT,FKX,USDT,USDT,USDS,10,0.1,10000000000,99999999,0.0001,0.00001,0.00001,0.1,False,True
625,CELO-USDT,CELO-USDT,CELO,USDT,USDT,USDS,0.1,0.1,10000000000,99999999,0.0001,0.0001,0.0001,0.1,False,True
626,CELO-BTC,CELO-BTC,CELO,BTC,BTC,BTC,0.1,0.000001,10000000000,99999999,0.0001,0.00000001,0.00000001,0.1,False,True
627,CUSD-USDT,CUSD-USDT,cUSD,USDT,USDT,USDS,0.1,0.1,10000000000,99999999,0.0001,0.0001,0.0001,0.1,False,True
628,CUSD-BTC,CUSD-BTC,cUSD,BTC,BTC,BTC,0.1,0.000001,10000000000,99999999,0.0001,0.00000001,0.00000001,0.1,False,True
629,FCL-USDT,FCL-USDT,FCL,USDT,USDT,USDS,0.1,0.1,10000000000,99999999,0.0001,0.0001,0.0001,0.1,False,True
630,MATIC-USDT,MATIC-USDT,MATIC,USDT,USDT,USDS,0.1,0.1,10000000000,99999999,0.0001,0.0001,0.0001,0.1,False,True
631,MATIC-BTC,MATIC-BTC,MATIC,BTC,BTC,BTC,0.1,0.000001,10000000000,99999999,0.0001,0.00000001,0.00000001,0.1,False,True
632,ELA-USDT,ELA-USDT,ELA,USDT,USDT,USDS,0.1,0.1,10000000000,99999999,0.0001,0.0001,0.0001,0.1,False,True
633,CRPT-USDT,CRPT-USDT,CRPT,USDT,USDT,USDS,1,0.1,10000000000,99999999,0.0001,0.00001,0.00001,0.1,False,True
634,OPCT-USDT,OPCT-USDT,OPCT,USDT,USDT,USDS,1,0.1,10000000000,99999999,0.0001,0.00001,0.00001,0.1,False,True
635,OGN-USDT,OGN-USDT,OGN,USDT,USDT,USDS,0.1,0.1,10000000000,99999999,0.0001,0.0001,0.0001,0.1,False,True
636,OGN-BTC,OGN-BTC,OGN,BTC,BTC,BTC,0.1,0.0000001,10000000000,99999999,0.0001,0.00000001,0.00000001,0.1,False,True
637,OUSD-USDT,OUSD-USDT,OUSD,USDT,USDT,USDS,0.1,0.01,10000000000,99999999,0.0001,0.0001,0.0001,0.1,False,True
638,OUSD-BTC,OUSD-BTC,OUSD,BTC,BTC,BTC,0.1,0.0000001,10000000000,99999999,0.0001,0.00000001,0.00000001,0.1,False,True
639,TLOS-USDT,TLOS-USDT,TLOS,USDT,USDT,USDS,1,0.1,10000000000,99999999,0.0001,0.00001,0.00001,0.1,False,True
640,TLOS-BTC,TLOS-BTC,TLOS,BTC,BTC,BTC,1,0.000001,10000000000,99999999,0.0001,0.00000001,0.00000001,0.1,False,True
641,LNCHX-USDT,LNCHX-USDT,LNCHX,USDT,USDT,USDS,0.1,0.01,10000000000,99999999,0.0001,0.0001,0.0001,0.1,False,True
642,YOP-USDT,YOP-USDT,YOP,USDT,USDT,USDS,0.1,0.1,10000000000,99999999,0.0001,0.0001,0.0001,0.1,False,True
643,YOP-ETH,YOP-ETH,YOP,ETH,ETH,ALTS,0.1,0.00001,10000000000,99999999,0.0001,0.0000001,0.0000001,0.1,False,True
644,GLQ-USDT,GLQ-USDT,GLQ,USDT,USDT,USDS,1,0.01,10000000000,99999999,0.0001,0.00001,0.00001,0.1,False,True
645,GLQ-BTC,GLQ-BTC,GLQ,BTC,BTC,BTC,1,0.000001,10000000000,99999999,0.0001,0.000000001,0.000000001,0.1,False,True
646,NIF-USDT,NIF-USDT,NIF,USDT,USDT,NFT,0.01,0.1,10000000000,99999999,0.0001,0.0001,0.0001,0.1,False,True
647,AERGO-BTC,AERGO-BTC,AERGO,BTC,BTC,BTC,0.1,0.00001,10000000000,99999999,0.0001,0.00000001,0.00000001,0.1,False,True
648,AERGO-ETH,AERGO-ETH,AERGO,ETH,ETH,ALTS,0.1,0.0001,10000000000,99999999,0.0001,0.0000001,0.0000001,0.1,False,True
649,XYO-ETH,XYO-ETH,XYO,ETH,ETH,ALTS,10,0.0001,10000000000,99999999,0.0001,0.0000001,0.0000001,0.1,False,True
650,XRP-TUSD,XRP-TUSD,XRP,TUSD,TUSD,USDS,0.1,0.01,10000000000,99999999,0.0001,0.000001,0.00001,0.1,False,True
651,ETH-DAI,ETH-DAI,ETH,DAI,DAI,USDS,0.0001,0.1,10000000000,999999999,0.0000001,0.0001,0.01,0.1,False,True
652,LSK-BTC,LSK-BTC,LSK,BTC,BTC,BTC,0.01,0.00001,10000000000,99999999,0.0001,0.00000001,0.00000001,0.1,False,True
653,GMB-ETH,GMB-ETH,GMB,ETH,ETH,ALTS,100,0.0001,10000000000,99999999,0.0001,0.0000001,0.0000000001,0.1,False,True
654,GMB-BTC,GMB-BTC,GMB,BTC,BTC,BTC,100,0.00001,10000000000,99999999,0.0001,0.00000001,0.0000000001,0.1,False,True
655,KAT-USDT,KAT-USDT,KAT,USDT,USDT,USDS,10,0.01,10000000000,99999999,0.0001,0.000001,0.000001,0.1,False,True
656,MKR-BTC,MKR-BTC,MKR,BTC,BTC,DeFi,0.0001,0.00001,10000000000,99999999,0.0001,0.00000001,0.00001,0.1,False,True
657,KAT-BTC,KAT-BTC,KAT,BTC,BTC,BTC,10,0.00001,10000000000,99999999,0.0001,0.00000001,0.00000001,0.1,False,True
658,XRP-USDC,XRP-USDC,XRP,USDC,USDC,USDS,0.1,0.01,10000000000,99999999,0.0001,0.00001,0.00001,0.1,False,True
659,XYO-BTC,XYO-BTC,XYO,BTC,BTC,BTC,10,0.00001,10000000000,99999999,0.0001,0.00000001,0.0000000001,0.1,False,True
660,LSK-ETH,LSK-ETH,LSK,ETH,ETH,ALTS,0.01,0.0001,10000000000,99999999,0.0001,0.0000001,0.0000001,0.1,False,True
661,XRP-BTC,XRP-BTC,XRP,BTC,BTC,BTC,0.1,0.00001,10000000000,99999999,0.0001,0.00000001,0.00000001,0.1,True,True
662,XRP-KCS,XRP-KCS,XRP,KCS,KCS,KCS,0.1,0.01,10000000000,99999999,0.0001,0.0001,0.00001,0.1,False,True
663,AVA-BTC,AVA-BTC,AVA,BTC,BTC,BTC,0.1,0.00001,10000000000,99999999,0.0001,0.00000001,0.00000001,0.1,False,True
664,XRP-PAX,XRP-PAX,XRP,PAX,PAX,USDS,0.1,0.01,10000000000,99999999,0.0001,0.000001,0.00001,0.1,False,True
665,XRP-USDT,XRP-USDT,XRP,USDT,USDT,USDS,0.1,0.01,10000000000,99999999,0.0001,0.000001,0.00001,0.1,True,True
666,FTM-BTC,FTM-BTC,FTM,BTC,BTC,BTC,1,0.00001,10000000000,99999999,0.0001,0.00000001,0.00000001,0.1,True,True
667,USDT-DAI,USDT-DAI,USDT,DAI,DAI,USDS,0.01,0.1,10000000000,99999999,0.000001,0.0001,0.0001,0.1,False,True
668,BTC-DAI,BTC-DAI,BTC,DAI,DAI,USDS,0.00001,0.1,10000000000,99999999,0.00000001,0.0001,0.1,0.1,False,True
669,AVA-ETH,AVA-ETH,AVA,ETH,ETH,ALTS,0.1,0.0001,10000000000,99999999,0.0001,0.0000001,0.0000001,0.1,False,True
670,MKR-ETH,MKR-ETH,MKR,ETH,ETH,DeFi,0.0001,0.0001,10000000000,99999999,0.0001,0.0000001,0.0001,0.1,False,True
671,XRP-ETH,XRP-ETH,XRP,ETH,ETH,ALTS,0.1,0.0001,10000000000,99999999,0.0001,0.0000001,0.0000001,0.1,True,True
672,FTM-ETH,FTM-ETH,FTM,ETH,ETH,ALTS,1,0.0001,10000000000,99999999,0.0001,0.0000001,0.0000001,0.1,False,True
673,VSYS-BTC,VSYS-BTC,VSYS,BTC,BTC,BTC,0.1,0.00001,10000000000,99999999,0.0001,0.00000001,0.00000001,0.1,False,True
674,MKR-DAI,MKR-DAI,MKR,DAI,DAI,DeFi,0.0001,0.1,10000000000,99999999,0.0001,0.0001,0.01,0.1,False,True
675,BTT-BTC,BTT-BTC,BTT,BTC,BTC,BTC,100,0.00001,10000000000,99999999,0.0001,0.000001,0.0000000001,0.1,False,True
676,BTT-ETH,BTT-ETH,BTT,ETH,ETH,ALTS,100,0.0001,10000000000,99999999,0.0001,0.000001,0.00000001,0.1,False,True
677,SOLVE-BTC,SOLVE-BTC,SOLVE,BTC,BTC,BTC,1,0.00001,10000000000,99999999,0.001,0.000001,0.00000001,0.1,False,True
678,GRIN-BTC,GRIN-BTC,GRIN,BTC,BTC,BTC,0.01,0.00001,10000000000,99999999,0.00000001,0.00000001,0.00000001,0.1,False,True
679,GRIN-ETH,GRIN-ETH,GRIN,ETH,ETH,ALTS,0.01,0.0001,10000000000,99999999,0.00000001,0.0000001,0.0000001,0.1,False,True
680,GRIN-USDT,GRIN-USDT,GRIN,USDT,USDT,USDS,0.01,0.01,10000000000,99999999,0.00000001,0.000001,0.000001,0.1,False,True
